CODE,CENTER_LAT,CENTER_LON
5100042,0.038704287034407626,42.9653527050823
5100043,0.3734201961973024,43.625633558302
5100044,0.5000000000000018,44.5
5100045,0.5000000000000018,45.5
5100046,0.5000000000000018,46.5
5100047,0.5000000000000018,47.5
5100048,0.5000000000000018,48.5
5100049,0.5000000000000018,49.5
5100050,0.5000000000000018,50.5
5100051,0.5000000000000018,51.5
5100052,0.5000000000000018,52.5
5100053,0.5000000000000018,53.5
5100054,0.5000000000000018,54.5
5100055,0.5000000000000018,55.5
5100056,0.5000000000000018,56.5
5100057,0.5000000000000018,57.5
5100058,0.5000000000000018,58.5
5100059,0.5000000000000018,59.5
5100060,0.5000000000000018,60.5
5100061,0.5000000000000018,61.5
5100062,0.5000000000000018,62.5
5100063,0.5000000000000018,63.5
5100064,0.5000000000000018,64.5
5100065,0.5000000000000018,65.5
5100066,0.5000000000000018,66.5
5100067,0.5000000000000018,67.5
5100068,0.5000000000000018,68.5
5100069,0.5000000000000018,69.5
5100070,0.5000000000000018,70.5
5100071,0.5000000000000018,71.5
5100072,0.5000002452354422,72.49998055852576
5100073,0.500066501213248,73.50008180890065
5100074,0.5000000000000018,74.5
5100075,0.5000000000000018,75.5
5100076,0.5000000000000018,76.5
5100077,0.5000000000000018,77.5
5100078,0.5000000000000018,78.5
5100079,0.5000000000000018,79.5
5100080,0.5000000000000018,80.5
5100081,0.5000000000000018,81.5
5100082,0.5000000000000018,82.5
5100083,0.5000000000000018,83.5
5100084,0.5000000000000018,84.5
5100085,0.5000000000000018,85.5
5100086,0.5000000000000018,86.5
5100087,0.5000000000000018,87.5
5100088,0.5000000000000018,88.5
5100089,0.5000000000000018,89.5
5100090,0.5000000000000018,90.5
5100091,0.5000000000000018,91.5
5100092,0.5000000000000018,92.5
5100093,0.5000000000000018,93.5
5100094,0.5000000000000018,94.5
5100095,0.5000000000000018,95.5
5100096,0.5000000000000018,96.5
5100097,0.4494895783880418,97.46606094581868
5100098,0.507786284256117,98.49218942493496
5100099,0.21719348940739303,99.19902269103783
5101043,1.0227491418646526,43.973420958120485
5101044,1.2973261174699293,44.63108712165815
5101045,1.4899793007042832,45.508902052085254
5101046,1.5000000000000018,46.5
5101047,1.5000000000000018,47.5
5101048,1.5000000000000018,48.5
5101049,1.5000000000000018,49.5
5101050,1.5000000000000018,50.5
5101051,1.5000000000000018,51.5
5101052,1.5000000000000018,52.5
5101053,1.5000000000000018,53.5
5101054,1.5000000000000018,54.5
5101055,1.5000000000000018,55.5
5101056,1.5000000000000018,56.5
5101057,1.5000000000000018,57.5
5101058,1.5000000000000018,58.5
5101059,1.5000000000000018,59.5
5101060,1.5000000000000018,60.5
5101061,1.5000000000000018,61.5
5101062,1.5000000000000018,62.5
5101063,1.5000000000000018,63.5
5101064,1.5000000000000018,64.5
5101065,1.5000000000000018,65.5
5101066,1.5000000000000018,66.5
5101067,1.5000000000000018,67.5
5101068,1.5000000000000018,68.5
5101069,1.5000000000000018,69.5
5101070,1.5000000000000018,70.5
5101071,1.5000000000000018,71.5
5101072,1.5000000000000018,72.5
5101073,1.4996770017096597,73.5000590638481
5101074,1.5000000000000018,74.5
5101075,1.5000000000000018,75.5
5101076,1.5000000000000018,76.5
5101077,1.5000000000000018,77.5
5101078,1.5000000000000018,78.5
5101079,1.5000000000000018,79.5
5101080,1.5000000000000018,80.5
5101081,1.5000000000000018,81.5
5101082,1.5000000000000018,82.5
5101083,1.5000000000000018,83.5
5101084,1.5000000000000018,84.5
5101085,1.5000000000000018,85.5
5101086,1.5000000000000018,86.5
5101087,1.5000000000000018,87.5
5101088,1.5000000000000018,88.5
5101089,1.5000000000000018,89.5
5101090,1.5000000000000018,90.5
5101091,1.5000000000000018,91.5
5101092,1.5000000000000018,92.5
5101093,1.5000000000000018,93.5
5101094,1.5000000000000018,94.5
5101095,1.5000000000000018,95.5
5101096,1.5000000000000018,96.5
5101097,1.5687580211522971,97.50511212166968
5101098,1.454214461516688,98.39164285954537
5102045,2.137336670681307,45.76908169471852
5102046,2.437063015027245,46.562822583706215
5102047,2.5000000000000018,47.5
5102048,2.5000000000000018,48.5
5102049,2.5000000000000018,49.5
5102050,2.5000000000000018,50.5
5102051,2.5000000000000018,51.5
5102052,2.5000000000000018,52.5
5102053,2.5000000000000018,53.5
5102054,2.5000000000000018,54.5
5102055,2.5000000000000018,55.5
5102056,2.5000000000000018,56.5
5102057,2.5000000000000018,57.5
5102058,2.5000000000000018,58.5
5102059,2.5000000000000018,59.5
5102060,2.5000000000000018,60.5
5102061,2.5000000000000018,61.5
5102062,2.5000000000000018,62.5
5102063,2.5000000000000018,63.5
5102064,2.5000000000000018,64.5
5102065,2.5000000000000018,65.5
5102066,2.5000000000000018,66.5
5102067,2.5000000000000018,67.5
5102068,2.5000000000000018,68.5
5102069,2.5000000000000018,69.5
5102070,2.5000000000000018,70.5
5102071,2.5000000000000018,71.5
5102072,2.4999737404245588,72.4999334351322
5102073,2.500171541322902,73.50011158788222
5102074,2.5000000000000018,74.5
5102075,2.5000000000000018,75.5
5102076,2.5000000000000018,76.5
5102077,2.5000000000000018,77.5
5102078,2.5000000000000018,78.5
5102079,2.5000000000000018,79.5
5102080,2.5000000000000018,80.5
5102081,2.5000000000000018,81.5
5102082,2.5000000000000018,82.5
5102083,2.5000000000000018,83.5
5102084,2.5000000000000018,84.5
5102085,2.5000000000000018,85.5
5102086,2.5000000000000018,86.5
5102087,2.5000000000000018,87.5
5102088,2.5000000000000018,88.5
5102089,2.5000000000000018,89.5
5102090,2.5000000000000018,90.5
5102091,2.5000000000000018,91.5
5102092,2.5000000000000018,92.5
5102093,2.5000000000000018,93.5
5102094,2.5000000000000018,94.5
5102095,2.4830834201314045,95.47379558234037
5102096,2.499177100806582,96.5224191636444
5102097,2.441574652737416,97.38592565481906
5102098,2.0817145267072905,98.12557368252112
5102099,2.8930002263151566,99.97900266078777
5102100,2.688848143032184,100.57583881545014
5102101,2.5644525312596085,101.36099501757577
5103046,3.1406357697348497,46.87120903843964
5103047,3.4421136871211933,47.55872980946281
5103048,3.5000000000000018,48.5
5103049,3.5000000000000018,49.5
5103050,3.5000000000000018,50.5
5103051,3.5000000000000018,51.5
5103052,3.5000000000000018,52.5
5103053,3.5000000000000018,53.5
5103054,3.5000000000000018,54.5
5103055,3.5000000000000018,55.5
5103056,3.5000000000000018,56.5
5103057,3.5000000000000018,57.5
5103058,3.5000000000000018,58.5
5103059,3.5000000000000018,59.5
5103060,3.5000000000000018,60.5
5103061,3.5000000000000018,61.5
5103062,3.5000000000000018,62.5
5103063,3.5000000000000018,63.5
5103064,3.5000000000000018,64.5
5103065,3.5000000000000018,65.5
5103066,3.5000000000000018,66.5
5103067,3.5000000000000018,67.5
5103068,3.5000000000000018,68.5
5103069,3.5000000000000018,69.5
5103070,3.5000000000000018,70.5
5103071,3.5000000000000018,71.5
5103072,3.4999854025259207,72.4999070311857
5103073,3.4999792216590264,73.50000417910732
5103074,3.5000000000000018,74.5
5103075,3.5000000000000018,75.5
5103076,3.5000000000000018,76.5
5103077,3.5000000000000018,77.5
5103078,3.5000000000000018,78.5
5103079,3.5000000000000018,79.5
5103080,3.5000000000000018,80.5
5103081,3.5000000000000018,81.5
5103082,3.5000000000000018,82.5
5103083,3.5000000000000018,83.5
5103084,3.5000000000000018,84.5
5103085,3.5000000000000018,85.5
5103086,3.5000000000000018,86.5
5103087,3.5000000000000018,87.5
5103088,3.5000000000000018,88.5
5103089,3.5000000000000018,89.5
5103090,3.5000000000000018,90.5
5103091,3.5000000000000018,91.5
5103092,3.5000000000000018,92.5
5103093,3.5000000000000018,93.5
5103094,3.5000000000000018,94.5
5103095,3.5000000000000018,95.5
5103096,3.421623804191134,96.45212750948407
5103097,3.174688865052373,97.12463635871747
5103098,3.8655096589438025,98.84170256226051
5103099,3.629082652998606,99.58866657224128
5103100,3.4727805970149515,100.47238303392753
5103101,3.2325727029137283,101.13170860153495
5104047,4.171047718144323,47.847258584674336
5104048,4.476451331675278,48.52836677789788
5104049,4.500000000000002,49.5
5104050,4.500000000000002,50.5
5104051,4.500000000000002,51.5
5104052,4.500000000000002,52.5
5104053,4.500000000000002,53.5
5104054,4.500000000000002,54.5
5104055,4.500000000000002,55.5
5104056,4.500000000000002,56.5
5104057,4.500000000000002,57.5
5104058,4.500000000000002,58.5
5104059,4.500000000000002,59.5
5104060,4.500000000000002,60.5
5104061,4.500000000000002,61.5
5104062,4.500000000000002,62.5
5104063,4.500000000000002,63.5
5104064,4.500000000000002,64.5
5104065,4.500000000000002,65.5
5104066,4.500000000000002,66.5
5104067,4.500000000000002,67.5
5104068,4.500000000000002,68.5
5104069,4.500000000000002,69.5
5104070,4.500000000000002,70.5
5104071,4.500000000000002,71.5
5104072,4.499943980347188,72.49987658038935
5104073,4.499995108509825,73.50000112217965
5104074,4.500000000000002,74.5
5104075,4.500000000000002,75.5
5104076,4.500000000000002,76.5
5104077,4.500000000000002,77.5
5104078,4.500000000000002,78.5
5104079,4.500000000000002,79.5
5104080,4.500000000000002,80.5
5104081,4.500000000000002,81.5
5104082,4.500000000000002,82.5
5104083,4.500000000000002,83.5
5104084,4.500000000000002,84.5
5104085,4.500000000000002,85.5
5104086,4.500000000000002,86.5
5104087,4.500000000000002,87.5
5104088,4.500000000000002,88.5
5104089,4.500000000000002,89.5
5104090,4.500000000000002,90.5
5104091,4.500000000000002,91.5
5104092,4.500000000000002,92.5
5104093,4.500000000000002,93.5
5104094,4.500000000000002,94.5
5104095,4.405694962066377,95.39682445395353
5104096,4.079967476769591,96.10177921863762
5104097,4.896071183569046,97.93547931994085
5104098,4.550981706198026,98.56551879100036
5104099,4.500000000000002,99.5
5104100,4.4657555551601185,100.30137570627804
5105048,5.342757671301913,48.76427966626066
5105049,5.500000000000002,49.5
5105050,5.500000000000002,50.5
5105051,5.500000000000002,51.5
5105052,5.500000000000002,52.5
5105053,5.500000000000002,53.5
5105054,5.500000000000002,54.5
5105055,5.500000000000002,55.5
5105056,5.500000000000002,56.5
5105057,5.500000000000002,57.5
5105058,5.500000000000002,58.5
5105059,5.500000000000002,59.5
5105060,5.500000000000002,60.5
5105061,5.500000000000002,61.5
5105062,5.500000000000002,62.5
5105063,5.500000000000002,63.5
5105064,5.500000000000002,64.5
5105065,5.500000000000002,65.5
5105066,5.500000000000002,66.5
5105067,5.500000000000002,67.5
5105068,5.500000000000002,68.5
5105069,5.500000000000002,69.5
5105070,5.500000000000002,70.5
5105071,5.500000000000002,71.5
5105072,5.500000176443809,72.4999506447089
5105073,5.499899996936308,73.50011629291302
5105074,5.500000000000002,74.5
5105075,5.500000000000002,75.5
5105076,5.500000000000002,76.5
5105077,5.500000000000002,77.5
5105078,5.500000000000002,78.5
5105079,5.500000000000002,79.5
5105080,5.489928647356215,80.49909276984285
5105081,5.500000000000002,81.5
5105082,5.500000000000002,82.5
5105083,5.500000000000002,83.5
5105084,5.500000000000002,84.5
5105085,5.500000000000002,85.5
5105086,5.500000000000002,86.5
5105087,5.500000000000002,87.5
5105088,5.500000000000002,88.5
5105089,5.500000000000002,89.5
5105090,5.500000000000002,90.5
5105091,5.500000000000002,91.5
5105092,5.500000000000002,92.5
5105093,5.500000000000002,93.5
5105094,5.500000000000002,94.5
5105095,5.6450405138418125,95.42951049026425
5105096,5.626773020842,96.502931372019
5105097,5.563253579310388,97.52823354197506
5105098,5.499993677894423,98.49998452757707
5105099,5.500000000000002,99.5
5105100,5.494503993479094,100.18538852802479
5106048,6.0244945660322164,48.986533555708945
5106049,6.465433338176911,49.56721611195353
5106050,6.500000000000002,50.5
5106051,6.500000000000002,51.5
5106052,6.500000000000002,52.5
5106053,6.500000000000002,53.5
5106054,6.500000000000002,54.5
5106055,6.500000000000002,55.5
5106056,6.500000000000002,56.5
5106057,6.500000000000002,57.5
5106058,6.500000000000002,58.5
5106059,6.500000000000002,59.5
5106060,6.500000000000002,60.5
5106061,6.500000000000002,61.5
5106062,6.500000000000002,62.5
5106063,6.500000000000002,63.5
5106064,6.500000000000002,64.5
5106065,6.500000000000002,65.5
5106066,6.500000000000002,66.5
5106067,6.500000000000002,67.5
5106068,6.500000000000002,68.5
5106069,6.500000000000002,69.5
5106070,6.500000000000002,70.5
5106071,6.500000000000002,71.5
5106072,6.499954039480039,72.49979164730978
5106073,6.499745119116192,73.5005817335824
5106074,6.500000000000002,74.5
5106075,6.500000000000002,75.5
5106076,6.500000000000002,76.5
5106077,6.500000000000002,77.5
5106078,6.500000000000002,78.5
5106079,6.4837593359778,79.47612711225955
5106080,6.09153102627866,80.29434985683784
5106081,6.316870763908692,81.69431337074124
5106082,6.500000000000002,82.5
5106083,6.500000000000002,83.5
5106084,6.500000000000002,84.5
5106085,6.500000000000002,85.5
5106086,6.500000000000002,86.5
5106087,6.500000000000002,87.5
5106088,6.500000000000002,88.5
5106089,6.500000000000002,89.5
5106090,6.500000000000002,90.5
5106091,6.500000000000002,91.5
5106092,6.500000000000002,92.5
5106093,6.486652083889253,93.48878969211042
5106094,6.500000000000002,94.5
5106095,6.500000000000002,95.5
5106096,6.500000000000002,96.5
5106097,6.500000000000002,97.5
5106098,6.500000000000002,98.5
5106099,6.471365512461109,99.45210370091145
5106100,6.20555119040963,100.11828358391611
5107049,7.37046571987642,49.80129428437074
5107050,7.500000000000002,50.5
5107051,7.500000000000002,51.5
5107052,7.500000000000002,52.5
5107053,7.500000000000002,53.5
5107054,7.500000000000002,54.5
5107055,7.500000000000002,55.5
5107056,7.500000000000002,56.5
5107057,7.500000000000002,57.5
5107058,7.500000000000002,58.5
5107059,7.500000000000002,59.5
5107060,7.500000000000002,60.5
5107061,7.500000000000002,61.5
5107062,7.500000000000002,62.5
5107063,7.500000000000002,63.5
5107064,7.500000000000002,64.5
5107065,7.500000000000002,65.5
5107066,7.500000000000002,66.5
5107067,7.500000000000002,67.5
5107068,7.500000000000002,68.5
5107069,7.500000000000002,69.5
5107070,7.500000000000002,70.5
5107071,7.500000000000002,71.5
5107072,7.5000464930059945,72.49995318674408
5107073,7.500000000000002,73.5
5107074,7.500000000000002,74.5
5107075,7.500000000000002,75.5
5107076,7.500000000000002,76.5
5107077,7.500000000000002,77.5
5107078,7.500000000000002,78.5
5107079,7.490156830136378,79.40565464981852
5107081,7.631131171706592,81.85599191660006
5107082,7.500000000000002,82.5
5107083,7.500000000000002,83.5
5107084,7.500000000000002,84.5
5107085,7.500000000000002,85.5
5107086,7.500000000000002,86.5
5107087,7.500000000000002,87.5
5107088,7.500000000000002,88.5
5107089,7.500000000000002,89.5
5107090,7.500000000000002,90.5
5107091,7.500000000000002,91.5
5107092,7.500000000000002,92.5
5107093,7.515380021279516,93.48423838889943
5107094,7.500000000000002,94.5
5107095,7.500000000000002,95.5
5107096,7.500000000000002,96.5
5107097,7.500000000000002,97.5
5107098,7.4840789524942295,98.50059941104617
5107099,7.275344546116937,99.24758217448391
5108049,8.035977575603859,49.964993329574526
5108050,8.439368765768616,50.61588293446951
5108051,8.500000000000002,51.5
5108052,8.500000000000002,52.5
5108053,8.500000000000002,53.5
5108054,8.500000000000002,54.5
5108055,8.500000000000002,55.5
5108056,8.500000000000002,56.5
5108057,8.500000000000002,57.5
5108058,8.500000000000002,58.5
5108059,8.500000000000002,59.5
5108060,8.500000000000002,60.5
5108061,8.500000000000002,61.5
5108062,8.500000000000002,62.5
5108063,8.500000000000002,63.5
5108064,8.500000000000002,64.5
5108065,8.500000000000002,65.5
5108066,8.500000000000002,66.5
5108067,8.500000000000002,67.5
5108068,8.500000000000002,68.5
5108069,8.500000000000002,69.5
5108070,8.500000000000002,70.5
5108071,8.500000000000002,71.5
5108072,8.500000000000002,72.5
5108073,8.500135526906542,73.50026521074771
5108074,8.500000000000002,74.5
5108075,8.500000000000002,75.5
5108076,8.443773657903385,76.43505264940904
5108077,8.113086969463605,77.4989268428657
5108078,8.474850330729334,78.54624476522795
5108079,8.520378372390127,79.43830549617262
5108080,8.978622396399494,80.96946364479486
5108081,8.560087283765059,81.61814303206252
5108082,8.500000000000002,82.5
5108083,8.500000000000002,83.5
5108084,8.500000000000002,84.5
5108085,8.500000000000002,85.5
5108086,8.500000000000002,86.5
5108087,8.500000000000002,87.5
5108088,8.500000000000002,88.5
5108089,8.500000000000002,89.5
5108090,8.500000000000002,90.5
5108091,8.500000000000002,91.5
5108092,8.49997107229554,92.49996880761472
5108093,8.50761397094257,93.50293429318924
5108094,8.500000000000002,94.5
5108095,8.500000000000002,95.5
5108096,8.500000000000002,96.5
5108097,8.499918776395418,97.49990573393838
5108098,8.397005297352724,98.24985456530761
5109050,9.391554906482947,50.87140690715249
5109051,9.500000000000002,51.5
5109052,9.500000000000002,52.5
5109053,9.500000000000002,53.5
5109054,9.500000000000002,54.5
5109055,9.500000000000002,55.5
5109056,9.500000000000002,56.5
5109057,9.500000000000002,57.5
5109058,9.500000000000002,58.5
5109059,9.500000000000002,59.5
5109060,9.500000000000002,60.5
5109061,9.500000000000002,61.5
5109062,9.500000000000002,62.5
5109063,9.500000000000002,63.5
5109064,9.500000000000002,64.5
5109065,9.500000000000002,65.5
5109066,9.500000000000002,66.5
5109067,9.500000000000002,67.5
5109068,9.500000000000002,68.5
5109069,9.500000000000002,69.5
5109070,9.500000000000002,70.5
5109071,9.500000000000002,71.5
5109072,9.500000000000002,72.5
5109073,9.500000000000002,73.5
5109074,9.500000000000002,74.5
5109075,9.500000000000002,75.5
5109076,9.434515184322361,76.17734881923032
5109078,9.154545691711489,78.7655625185186
5109079,9.490230976782351,79.51021513085256
5109080,9.650454231212908,80.58159724822629
5109081,9.500000000000002,81.5
5109082,9.500000000000002,82.5
5109083,9.500000000000002,83.5
5109084,9.500000000000002,84.5
5109085,9.500000000000002,85.5
5109086,9.500000000000002,86.5
5109087,9.500000000000002,87.5
5109088,9.500000000000002,88.5
5109089,9.500000000000002,89.5
5109090,9.500000000000002,90.5
5109091,9.500000000000002,91.5
5109092,9.50334139496933,92.49727427050419
5109093,9.500000000000002,93.5
5109094,9.500000000000002,94.5
5109095,9.500000000000002,95.5
5109096,9.500000000000002,96.5
5109097,9.500179279271178,97.49875926662935
5109098,9.552335659796979,98.22945737455257
5110043,10.879071488678573,43.88082683785169
5110044,10.728253514178736,44.5244911960714
5110045,10.822182292525424,45.38545081529014
5110046,10.878637284133413,46.450938737030285
5110047,10.981701939240336,47.035933579741666
5110050,10.170980718655851,50.950281812457725
5110051,10.484631509141812,51.54359036947163
5110052,10.500000000000002,52.5
5110053,10.500000000000002,53.5
5110054,10.500000000000002,54.5
5110055,10.500000000000002,55.5
5110056,10.500000000000002,56.5
5110057,10.500000000000002,57.5
5110058,10.500000000000002,58.5
5110059,10.500000000000002,59.5
5110060,10.500000000000002,60.5
5110061,10.500000000000002,61.5
5110062,10.500000000000002,62.5
5110063,10.500000000000002,63.5
5110064,10.500000000000002,64.5
5110065,10.500000000000002,65.5
5110066,10.500000000000002,66.5
5110067,10.500000000000002,67.5
5110068,10.500000000000002,68.5
5110069,10.500000000000002,69.5
5110070,10.500000000000002,70.5
5110071,10.500000000000002,71.5
5110072,10.499919167541488,72.50004369464281
5110073,10.500198649457,73.4999200633547
5110074,10.500000000000002,74.5
5110075,10.487654309080433,75.48436735293606
5110076,10.205720431521254,76.07486812957993
5110079,10.30454856944303,79.72150329318184
5110080,10.500000000000002,80.5
5110081,10.500000000000002,81.5
5110082,10.500000000000002,82.5
5110083,10.500000000000002,83.5
5110084,10.500000000000002,84.5
5110085,10.500000000000002,85.5
5110086,10.500000000000002,86.5
5110087,10.500000000000002,87.5
5110088,10.500000000000002,88.5
5110089,10.500000000000002,89.5
5110090,10.500000000000002,90.5
5110091,10.500000000000002,91.5
5110092,10.487725913812366,92.50182509310444
5110093,10.500000000000002,93.5
5110094,10.500000000000002,94.5
5110095,10.500000000000002,95.5
5110096,10.500000000000002,96.5
5110097,10.499300106562915,97.49606688440741
5110098,10.505832815260263,98.27514556273452
5111042,11.639493239954756,42.81568865835566
5111043,11.575540148267777,43.61387889867965
5111044,11.500000000000002,44.5
5111045,11.500000000000002,45.5
5111046,11.500000000000002,46.5
5111047,11.556780572487863,47.49088421883606
5111048,11.62335488444451,48.48390411225242
5111049,11.687663943882752,49.46146493988327
5111050,11.813139558005318,50.29065931685557
5111051,11.496351072673807,51.56788484568332
5111052,11.500000000000002,52.5
5111053,11.500000000000002,53.5
5111054,11.500000000000002,54.5
5111055,11.500000000000002,55.5
5111056,11.500000000000002,56.5
5111057,11.500000000000002,57.5
5111058,11.500000000000002,58.5
5111059,11.500000000000002,59.5
5111060,11.500000000000002,60.5
5111061,11.500000000000002,61.5
5111062,11.500000000000002,62.5
5111063,11.500000000000002,63.5
5111064,11.500000000000002,64.5
5111065,11.500000000000002,65.5
5111066,11.500000000000002,66.5
5111067,11.500000000000002,67.5
5111068,11.500000000000002,68.5
5111069,11.500000000000002,69.5
5111070,11.500000000000002,70.5
5111071,11.500000000000002,71.5
5111072,11.500125929573885,72.49988154115111
5111073,11.500001475312496,73.50004247539094
5111074,11.500000000000002,74.5
5111075,11.417355272858462,75.3278830955448
5111079,11.525661743773558,79.90607801401592
5111080,11.500000000000002,80.5
5111081,11.500000000000002,81.5
5111082,11.500000000000002,82.5
5111083,11.500000000000002,83.5
5111084,11.500000000000002,84.5
5111085,11.500000000000002,85.5
5111086,11.500000000000002,86.5
5111087,11.500000000000002,87.5
5111088,11.500000000000002,88.5
5111089,11.500000000000002,89.5
5111090,11.500000000000002,90.5
5111091,11.500000000000002,91.5
5111092,11.47387643610102,92.4816565725442
5111093,11.498044198306786,93.50223260053681
5111094,11.500000000000002,94.5
5111095,11.500000000000002,95.5
5111096,11.500000000000002,96.5
5111097,11.49836757484422,97.4992836585694
5111098,11.462341724313918,98.3447092563218
5112042,12.915235476491159,42.88205232161645
5112043,12.468525008456446,43.56841791390377
5112044,12.360161658609098,44.52749952298946
5112045,12.49160222157052,45.50930999723761
5112046,12.500000000000002,46.5
5112047,12.500000000000002,47.5
5112048,12.500000000000002,48.5
5112049,12.500000000000002,49.5
5112050,12.500000000000002,50.5
5112051,12.500000000000002,51.5
5112052,12.505514997411652,52.50456596710334
5112053,12.500855958316878,53.4525436665019
5112054,12.497051849420595,54.53989137311692
5112055,12.500000000000002,55.5
5112056,12.500000000000002,56.5
5112057,12.500000000000002,57.5
5112058,12.500000000000002,58.5
5112059,12.500000000000002,59.5
5112060,12.500000000000002,60.5
5112061,12.500000000000002,61.5
5112062,12.500000000000002,62.5
5112063,12.500000000000002,63.5
5112064,12.500000000000002,64.5
5112065,12.500000000000002,65.5
5112066,12.500000000000002,66.5
5112067,12.500000000000002,67.5
5112068,12.500000000000002,68.5
5112069,12.500000000000002,69.5
5112070,12.500000000000002,70.5
5112071,12.500000000000002,71.5
5112072,12.500000000000002,72.5
5112073,12.500000000000002,73.5
5112074,12.477838026049207,74.46962857914744
5112075,12.155103407382713,75.06836609383832
5112079,12.079822660646101,79.95116973884363
5112080,12.465694620593803,80.56501814482361
5112081,12.500000000000002,81.5
5112082,12.500000000000002,82.5
5112083,12.500000000000002,83.5
5112084,12.500000000000002,84.5
5112085,12.500000000000002,85.5
5112086,12.500000000000002,86.5
5112087,12.500000000000002,87.5
5112088,12.500000000000002,88.5
5112089,12.500000000000002,89.5
5112090,12.500000000000002,90.5
5112091,12.500000000000002,91.5
5112092,12.498833691001687,92.4167975180046
5112093,12.503448461344066,93.50381295788387
5112094,12.500000000000002,94.5
5112095,12.500000000000002,95.5
5112096,12.500000000000002,96.5
5112097,12.501506825355728,97.4958812555876
5112098,12.513781928594378,98.30955322560811
5113041,13.94068287588643,41.863948378196234
5113042,13.587094568188734,42.60158559282127
5113043,13.457873206304571,43.133741082399595
5113045,13.163536946793956,45.73525845233025
5113046,13.219897061536376,46.52282451172766
5113047,13.395481502543074,47.55882392463329
5113048,13.498674018997626,48.50066733289447
5113049,13.500000000000002,49.5
5113050,13.500000000000002,50.5
5113051,13.500000000000002,51.5
5113052,13.500000000000002,52.5
5113053,13.500000000000002,53.5
5113054,13.500000000000002,54.5
5113055,13.500000000000002,55.5
5113056,13.500000000000002,56.5
5113057,13.500000000000002,57.5
5113058,13.500000000000002,58.5
5113059,13.500000000000002,59.5
5113060,13.500000000000002,60.5
5113061,13.500000000000002,61.5
5113062,13.500000000000002,62.5
5113063,13.500000000000002,63.5
5113064,13.500000000000002,64.5
5113065,13.500000000000002,65.5
5113066,13.500000000000002,66.5
5113067,13.500000000000002,67.5
5113068,13.500000000000002,68.5
5113069,13.500000000000002,69.5
5113070,13.500000000000002,70.5
5113071,13.500000000000002,71.5
5113072,13.500000000000002,72.5
5113073,13.500000000000002,73.5
5113074,13.472401852559079,74.34021406862927
5113080,13.515805299708687,80.6364003796415
5113081,13.500000000000002,81.5
5113082,13.500000000000002,82.5
5113083,13.500000000000002,83.5
5113084,13.500000000000002,84.5
5113085,13.500000000000002,85.5
5113086,13.500000000000002,86.5
5113087,13.500000000000002,87.5
5113088,13.500000000000002,88.5
5113089,13.500000000000002,89.5
5113090,13.500000000000002,90.5
5113091,13.500000000000002,91.5
5113092,13.522011782328706,92.46385189740624
5113093,13.50437433309175,93.51241855925852
5113094,13.500035848323023,94.5001170340764
5113095,13.500000000000002,95.5
5113096,13.500000000000002,96.5
5113097,13.4994568808342,97.4993544687544
5113098,13.3484298569674,98.22481685652016
5114040,14.88448708292868,40.77733333324877
5114041,14.588949550770137,41.60028773359489
5114042,14.494430781583414,42.487309777141796
5114043,14.176207352560809,43.03650705488726
5114047,14.01840156396372,47.96446281840722
5114048,14.086568293365868,48.778613782133604
5114049,14.348313142548207,49.55134145118559
5114050,14.476340585563024,50.51863674309924
5114051,14.500000000000002,51.5
5114052,14.500000000000002,52.5
5114053,14.500000000000002,53.5
5114054,14.500000000000002,54.5
5114055,14.500000000000002,55.5
5114056,14.500000000000002,56.5
5114057,14.500000000000002,57.5
5114058,14.500000000000002,58.5
5114059,14.500000000000002,59.5
5114060,14.500000000000002,60.5
5114061,14.500000000000002,61.5
5114062,14.500000000000002,62.5
5114063,14.500000000000002,63.5
5114064,14.500000000000002,64.5
5114065,14.500000000000002,65.5
5114066,14.500000000000002,66.5
5114067,14.500000000000002,67.5
5114068,14.500000000000002,68.5
5114069,14.500000000000002,69.5
5114070,14.500000000000002,70.5
5114071,14.500000000000002,71.5
5114072,14.500000000000002,72.5
5114073,14.500000000000002,73.5
5114074,14.359019767205666,74.19064515961556
5114080,14.506991282264739,80.56929229828889
5114081,14.500000000000002,81.5
5114082,14.500000000000002,82.5
5114083,14.500000000000002,83.5
5114084,14.500000000000002,84.5
5114085,14.500000000000002,85.5
5114086,14.500000000000002,86.5
5114087,14.500000000000002,87.5
5114088,14.500000000000002,88.5
5114089,14.500000000000002,89.5
5114090,14.500000000000002,90.5
5114091,14.500000000000002,91.5
5114092,14.500000000000002,92.5
5114093,14.500212850145983,93.50002592427356
5114094,14.500000000000002,94.5
5114095,14.500000000000002,95.5
5114096,14.500000000000002,96.5
5114097,14.476633241551493,97.46087729805048
5114098,14.12380609240762,98.03616062642337
5115039,15.688936142473047,39.70466067835468
5115040,15.50477153964679,40.537096145094445
5115041,15.500017691876128,41.49989680383837
5115042,15.496539488381554,42.38381975179789
5115050,15.0446249132292,50.79932694898766
5115051,15.179766778328283,51.61474683211106
5115052,15.474673960368769,52.53708861059151
5115053,15.500000000000002,53.5
5115054,15.500000000000002,54.5
5115055,15.500000000000002,55.5
5115056,15.500000000000002,56.5
5115057,15.500000000000002,57.5
5115058,15.500000000000002,58.5
5115059,15.500000000000002,59.5
5115060,15.500000000000002,60.5
5115061,15.500000000000002,61.5
5115062,15.500000000000002,62.5
5115063,15.500000000000002,63.5
5115064,15.500000000000002,64.5
5115065,15.500000000000002,65.5
5115066,15.500000000000002,66.5
5115067,15.500000000000002,67.5
5115068,15.500000000000002,68.5
5115069,15.500000000000002,69.5
5115070,15.500000000000002,70.5
5115071,15.500000000000002,71.5
5115072,15.500000000000002,72.5
5115073,15.447368966447238,73.39869159439306
5115080,15.37940210312238,80.57253075437379
5115081,15.49375103618419,81.50631866236618
5115082,15.500000000000002,82.5
5115083,15.500000000000002,83.5
5115084,15.500000000000002,84.5
5115085,15.500000000000002,85.5
5115086,15.500000000000002,86.5
5115087,15.500000000000002,87.5
5115088,15.500000000000002,88.5
5115089,15.500000000000002,89.5
5115090,15.500000000000002,90.5
5115091,15.500000000000002,91.5
5115092,15.500000000000002,92.5
5115093,15.500000000000002,93.5
5115094,15.460605962675135,94.4752108349802
5115095,15.444016597787586,95.52437624751627
5115096,15.500000000000002,96.5
5115097,15.484104098230867,97.36922231138877
5116039,16.52009057592569,39.58309206643905
5116040,16.50536307121718,40.50591615271657
5116041,16.48727298286267,41.48619671841413
5116042,16.458442904078638,42.3769500305649
5116052,16.236886714258173,52.662394717729555
5116053,16.387823757268087,53.533014906085214
5116054,16.493908569716933,54.49725787779263
5116055,16.500000000000004,55.5
5116056,16.500000000000004,56.5
5116057,16.500000000000004,57.5
5116058,16.500000000000004,58.5
5116059,16.500000000000004,59.5
5116060,16.500000000000004,60.5
5116061,16.500000000000004,61.5
5116062,16.500000000000004,62.5
5116063,16.500000000000004,63.5
5116064,16.500000000000004,64.5
5116065,16.500000000000004,65.5
5116066,16.500000000000004,66.5
5116067,16.500000000000004,67.5
5116068,16.500000000000004,68.5
5116069,16.500000000000004,69.5
5116070,16.500000000000004,70.5
5116071,16.500000000000004,71.5
5116072,16.500000000000004,72.5
5116073,16.446440239952352,73.17797194921222
5116081,16.167616941365694,81.6177635584509
5116082,16.453241438384474,82.56752576637449
5116083,16.500000000000004,83.5
5116084,16.500000000000004,84.5
5116085,16.500000000000004,85.5
5116086,16.500000000000004,86.5
5116087,16.500000000000004,87.5
5116088,16.500000000000004,88.5
5116089,16.500000000000004,89.5
5116090,16.500000000000004,90.5
5116091,16.500000000000004,91.5
5116092,16.500000000000004,92.5
5116093,16.500000000000004,93.5
5116094,16.534538644320186,94.2047604998026
5116095,16.091551089009176,95.79047960401444
5116096,16.32998350946794,96.60146280979068
5116097,16.391572161574032,97.24115135345028
5117038,17.749088981693454,38.86607490732879
5117039,17.502320913238606,39.50256982641403
5117040,17.500000000000004,40.5
5117041,17.475246069712217,41.47639833052352
5117042,17.272387045246102,42.168632986650216
5117054,17.013608039330904,54.442471207117705
5117055,17.41101119660826,55.63089402264916
5117056,17.4874556921233,56.51043365213534
5117057,17.500000000000004,57.5
5117058,17.500000000000004,58.5
5117059,17.500000000000004,59.5
5117060,17.500000000000004,60.5
5117061,17.500000000000004,61.5
5117062,17.500000000000004,62.5
5117063,17.500000000000004,63.5
5117064,17.500000000000004,64.5
5117065,17.500000000000004,65.5
5117066,17.500000000000004,66.5
5117067,17.500000000000004,67.5
5117068,17.500000000000004,68.5
5117069,17.500000000000004,69.5
5117070,17.500000000000004,70.5
5117071,17.500000000000004,71.5
5117072,17.500000000000004,72.5
5117073,17.366098424515652,73.09766897126224
5117082,17.169566067871184,82.73457756296352
5117083,17.433145007277535,83.56478795470407
5117084,17.500000000000004,84.5
5117085,17.500000000000004,85.5
5117086,17.500000000000004,86.5
5117087,17.500000000000004,87.5
5117088,17.500000000000004,88.5
5117089,17.500000000000004,89.5
5117090,17.500000000000004,90.5
5117091,17.500000000000004,91.5
5117092,17.500000000000004,92.5
5117093,17.500000000000004,93.5
5117094,17.50051673302008,94.26001666644845
5117096,17.18590526684965,96.93531608442085
5117097,17.106587021207687,97.06389210483376
5118037,18.82877275380531,37.75294598176171
5118038,18.55783452245881,38.545345986102255
5118039,18.500000000000004,39.5
5118040,18.500000000000004,40.5
5118041,18.378389178142296,41.22027810515811
5118056,18.340937129374545,56.798750443457024
5118057,18.468632211941692,57.51199439231034
5118058,18.500000000000004,58.5
5118059,18.500000000000004,59.5
5118060,18.500000000000004,60.5
5118061,18.500000000000004,61.5
5118062,18.500000000000004,62.5
5118063,18.500000000000004,63.5
5118064,18.500000000000004,64.5
5118065,18.500000000000004,65.5
5118066,18.500000000000004,66.5
5118067,18.500000000000004,67.5
5118068,18.500000000000004,68.5
5118069,18.500000000000004,69.5
5118070,18.500000000000004,70.5
5118071,18.500000000000004,71.5
5118072,18.48961167939995,72.46092152697177
5118073,18.76619569122234,73.01312473215106
5118083,18.082284994631223,83.84740112361062
5118084,18.401389260865166,84.6097078291777
5118085,18.500000000000004,85.5
5118086,18.500000000000004,86.5
5118087,18.500000000000004,87.5
5118088,18.500000000000004,88.5
5118089,18.500000000000004,89.5
5118090,18.500000000000004,90.5
5118091,18.500000000000004,91.5
5118092,18.500000000000004,92.5
5118093,18.477445989137877,93.48495364036467
5118094,18.353098473528817,94.17525685444033
5119037,19.519386614928635,37.642282911647044
5119038,19.500000000000004,38.5
5119039,19.500000000000004,39.5
5119040,19.44489964252893,40.43560929510696
5119041,19.09038638806155,41.06076361473012
5119057,19.518644808244748,57.87670931608153
5119058,19.500000000000004,58.5
5119059,19.500000000000004,59.5
5119060,19.500000000000004,60.5
5119061,19.500000000000004,61.5
5119062,19.500000000000004,62.5
5119063,19.500000000000004,63.5
5119064,19.500000000000004,64.5
5119065,19.500000000000004,65.5
5119066,19.500000000000004,66.5
5119067,19.500000000000004,67.5
5119068,19.500000000000004,68.5
5119069,19.500000000000004,69.5
5119070,19.500000000000004,70.5
5119071,19.500000000000004,71.5
5119072,19.478514237925637,72.37383552700442
5119073,19.006716014894373,73.02606011338601
5119084,19.11629687706803,84.90202077486909
5119085,19.332256176480815,85.56770821173528
5119086,19.47983284560056,86.51572248751691
5119087,19.500000000000004,87.5
5119088,19.500000000000004,88.5
5119089,19.500000000000004,89.5
5119090,19.500000000000004,90.5
5119091,19.500000000000004,91.5
5119092,19.49915150443945,92.49913210186483
5119093,19.46189908134774,93.33910853668854
5119094,19.093505917388153,94.02292460256392
5120037,20.50451178860185,37.59676538298418
5120038,20.500000000000004,38.5
5120039,20.39122430462565,39.379298568277555
5120040,20.100324376028134,40.15098061273211
5120057,20.16046148386431,57.92518299678399
5120058,20.354794317949178,58.567175025329135
5120059,20.500000000000004,59.5
5120060,20.500000000000004,60.5
5120061,20.500000000000004,61.5
5120062,20.500000000000004,62.5
5120063,20.500000000000004,63.5
5120064,20.500000000000004,64.5
5120065,20.500000000000004,65.5
5120066,20.500000000000004,66.5
5120067,20.500000000000004,67.5
5120068,20.500000000000004,68.5
5120069,20.500000000000004,69.5
5120070,20.42921515391157,70.46042011271264
5120071,20.453718279840473,71.53103486494922
5120072,20.518377781924997,72.41149753979796
5120086,20.277941140457017,86.81406512615979
5120087,20.499787073585747,87.50052973056553
5120088,20.500000000000004,88.5
5120089,20.500000000000004,89.5
5120090,20.500000000000004,90.5
5120091,20.500000000000004,91.5
5120092,20.37723829469608,92.35215995975055
5120093,20.104948962717152,93.19136662899885
5121036,21.778687718641628,36.94479542779823
5121037,21.521054321554736,37.52497211406143
5121038,21.49831761935223,38.498113564072206
5121039,21.333550424093225,39.073863461531104
5121058,21.07232772967525,58.93339403279653
5121059,21.40338455143444,59.61837293336522
5121060,21.500000000000004,60.5
5121061,21.500000000000004,61.5
5121062,21.500000000000004,62.5
5121063,21.500000000000004,63.5
5121064,21.500000000000004,64.5
5121065,21.500000000000004,65.5
5121066,21.500000000000004,66.5
5121067,21.500000000000004,67.5
5121068,21.500000000000004,68.5
5121069,21.389059390408143,69.3963503878665
5121070,21.06639289637121,70.07374044257858
5121071,21.044718300599005,71.89246866091739
5121072,21.418809420169275,72.40666542632893
5121073,21.714605223016576,73.05087498466631
5121086,21.17298508952455,86.92978840066203
5121087,21.318582725722578,87.54620289795929
5121088,21.356405457000623,88.47800375671132
5121089,21.40464211807951,89.52622709911049
5121090,21.47018430358024,90.51911463149384
5121091,21.484715793131677,91.47173119779745
5121092,21.15532921521286,92.04943930985158
5122035,22.883414122974127,35.87561166852704
5122036,22.637522302795198,36.60639186683685
5122037,22.500000000000004,37.5
5122038,22.490002529627052,38.48792968854897
5122039,22.40072310283798,39.032021695053245
5122059,22.641674952918194,59.72434375670785
5122060,22.500000000000004,60.5
5122061,22.500000000000004,61.5
5122062,22.500000000000004,62.5
5122063,22.500000000000004,63.5
5122064,22.500000000000004,64.5
5122065,22.500000000000004,65.5
5122066,22.500000000000004,66.5
5122067,22.500000000000004,67.5
5122068,22.500665178653033,68.49425133549921
5122069,22.59102376168001,69.44768759810334
5122070,22.772748375897542,70.16019612717686
5122072,22.134814530191516,72.4588071436137
5122088,22.073813366953388,88.29360182297428
5122089,22.174814817053814,89.89734575279584
5122090,22.38070390785502,90.72971870388226
5122091,22.290269611346055,91.41868384774625
5123035,23.514538213608738,35.77251427848
5123036,23.499938125929443,36.50017875866319
5123037,23.499976443157085,37.49997246686745
5123038,23.41386024990028,38.308862945659584
5123051,23.99388968123923,51.917121185234286
5123052,23.984066730397842,52.13997077851906
5123057,23.895407476560745,57.664011282807955
5123058,23.765792743340864,58.58218006490998
5123059,23.50477718321724,59.50491268643555
5123060,23.500000000000004,60.5
5123061,23.500000000000004,61.5
5123062,23.500000000000004,62.5
5123063,23.500000000000004,63.5
5123064,23.500000000000004,64.5
5123065,23.500000000000004,65.5
5123066,23.500000000000004,66.5
5123067,23.458618275782126,67.47522336193029
5123068,23.30611498746921,68.29491453027266
5123070,23.037120150794436,70.45005347864712
5123090,23.290390899129005,90.53125512929753
5124035,24.576633302114942,35.59371240056207
5124036,24.500000000000004,36.5
5124037,24.350890082339376,37.317563826342706
5124038,24.03232433945796,38.05863243469475
5124050,24.883793161650384,50.77657838685342
5124051,24.54772553123169,51.73889019351394
5124052,24.540191770527805,52.48134311856726
5124053,24.55969480522041,53.50119207381578
5124054,24.669955489342698,54.334184299571504
5124055,24.99141771477759,55.0144701209054
5124056,24.669012170192936,56.766218718101875
5124057,24.501612929222315,57.50158634520581
5124058,24.500000000000004,58.5
5124059,24.500000000000004,59.5
5124060,24.500000000000004,60.5
5124061,24.500000000000004,61.5
5124062,24.500000000000004,62.5
5124063,24.500000000000004,63.5
5124064,24.500000000000004,64.5
5124065,24.500000000000004,65.5
5124066,24.476295742591894,66.4805670560335
5124067,24.33115990569467,67.14039511688887
5125034,25.640203037586076,34.78855322097066
5125035,25.500000000000004,35.5
5125036,25.460656401887313,36.45249911350513
5125037,25.17310021849493,37.104585665159306
5125050,25.63807768454449,50.57540683442014
5125051,25.51780836365621,51.77782378086337
5125052,25.50004133387359,52.499943586964804
5125053,25.500000000000004,53.5
5125054,25.49975285769462,54.500252681197594
5125055,25.662306038050342,55.368428378181946
5125056,25.502588063638882,56.67351217597906
5125057,25.409853611971304,57.460100986812364
5125058,25.280975248961695,58.49010315852438
5125059,25.207248234965533,59.491752923739476
5125060,25.16802122899123,60.45703142256905
5125061,25.076916977933507,61.45590737249053
5125062,25.112482747035642,62.54294113888359
5125063,25.154783577465025,63.55203948604272
5125064,25.15200122521165,64.48936336751186
5125065,25.18245112096928,65.52184871117514
5125066,25.230313752533586,66.33731923251236
5126033,26.832038207453348,33.96998291428452
5126034,26.53558308880635,34.54807120588784
5126035,26.49812867419176,35.49814609958576
5126036,26.306925887622626,36.20958320712105
5126049,26.931691069653148,49.87304310201787
5126050,26.53166122712067,50.53968624444466
5126051,26.517941816043614,51.51129068092917
5126052,26.500000000000004,52.5
5126053,26.43672236673607,53.456722327096614
5126054,26.307234990660564,54.46761909382585
5126055,26.382245586435925,55.51728934127918
5126056,26.514205136778884,56.53242196091178
5126057,26.29825017875133,57.06085281446218
5127033,27.598064202251706,33.796755573617304
5127034,27.464074663719792,34.52457116073205
5127035,27.397460560632112,35.31589913089399
5127048,27.82628338705818,48.909571765556144
5127049,27.58041576877087,49.57623020420617
5127050,27.500000000000004,50.5
5127051,27.458992192894073,51.47828149636662
5127052,27.303580169220034,52.37013998465548
5127053,27.041029622852925,53.11774515112193
5127055,27.020738000583677,55.94014578397499
5127056,27.078343295048153,56.42364345008524
5128032,28.821568612638835,32.86983466240141
5128033,28.41109579218294,33.282499005124855
5128034,28.43897605643865,34.65687429304746
5128035,28.04540713434424,35.075738897978724
5128048,28.576566102718417,48.70882369660423
5128049,28.500000000000004,49.5
5128050,28.4878755329898,50.48767638175264
5128051,28.269318519697606,51.11039393705927
5129032,29.42196466249208,32.65855486113762
5129033,29.052175108041435,33.05391249362979
5129034,29.21793538659282,34.81832929380782
5129047,29.446497279194272,47.89371212241897
5129048,29.446839639484796,48.572535145341554
5129049,29.499994532325402,49.49999933308245
5129050,29.378751916373837,50.30935002039803
5130048,30.182130509709964,48.87160309610152
5130049,30.134116977369537,49.40302898038904
5130050,30.091482833566317,50.05891799513174
5200042,-0.6301201993001533,42.65772273725861
5200043,-0.49999999999999817,43.5
5200044,-0.49999999999999817,44.5
5200045,-0.49999999999999817,45.5
5200046,-0.49999999999999817,46.5
5200047,-0.49999999999999817,47.5
5200048,-0.49999999999999817,48.5
5200049,-0.49999999999999817,49.5
5200050,-0.49999999999999817,50.5
5200051,-0.49999999999999817,51.5
5200052,-0.49999999999999817,52.5
5200053,-0.49999999999999817,53.5
5200054,-0.49999999999999817,54.5
5200055,-0.49999999999999817,55.5
5200056,-0.49999999999999817,56.5
5200057,-0.49999999999999817,57.5
5200058,-0.49999999999999817,58.5
5200059,-0.49999999999999817,59.5
5200060,-0.49999999999999817,60.5
5200061,-0.49999999999999817,61.5
5200062,-0.49999999999999817,62.5
5200063,-0.49999999999999817,63.5
5200064,-0.49999999999999817,64.5
5200065,-0.49999999999999817,65.5
5200066,-0.49999999999999817,66.5
5200067,-0.49999999999999817,67.5
5200068,-0.49999999999999817,68.5
5200069,-0.49999999999999817,69.5
5200070,-0.49999999999999817,70.5
5200071,-0.49999999999999817,71.5
5200072,-0.49999999999999817,72.5
5200073,-0.4999051595094825,73.50041732691571
5200074,-0.49999999999999817,74.5
5200075,-0.49999999999999817,75.5
5200076,-0.49999999999999817,76.5
5200077,-0.49999999999999817,77.5
5200078,-0.49999999999999817,78.5
5200079,-0.49999999999999817,79.5
5200080,-0.49999999999999817,80.5
5200081,-0.49999999999999817,81.5
5200082,-0.49999999999999817,82.5
5200083,-0.49999999999999817,83.5
5200084,-0.49999999999999817,84.5
5200085,-0.49999999999999817,85.5
5200086,-0.49999999999999817,86.5
5200087,-0.49999999999999817,87.5
5200088,-0.49999999999999817,88.5
5200089,-0.49999999999999817,89.5
5200090,-0.49999999999999817,90.5
5200091,-0.49999999999999817,91.5
5200092,-0.49999999999999817,92.5
5200093,-0.49999999999999817,93.5
5200094,-0.49999999999999817,94.5
5200095,-0.49999999999999817,95.5
5200096,-0.49999999999999817,96.5
5200097,-0.5005679999767731,97.49950388769712
5200098,-0.5080083749296375,98.50161634431524
5200099,-0.5311033514553547,99.46165840125735
5200100,-0.8200620887115813,100.13406190501546
5201041,-1.682008635361314,41.76588056730664
5201042,-1.5001379827632777,42.50013271865538
5201043,-1.4999999999999982,43.5
5201044,-1.4999999999999982,44.5
5201045,-1.4999999999999982,45.5
5201046,-1.4999999999999982,46.5
5201047,-1.4999999999999982,47.5
5201048,-1.4999999999999982,48.5
5201049,-1.4999999999999982,49.5
5201050,-1.4999999999999982,50.5
5201051,-1.4999999999999982,51.5
5201052,-1.4999999999999982,52.5
5201053,-1.4999999999999982,53.5
5201054,-1.4999999999999982,54.5
5201055,-1.4999999999999982,55.5
5201056,-1.4999999999999982,56.5
5201057,-1.4999999999999982,57.5
5201058,-1.4999999999999982,58.5
5201059,-1.4999999999999982,59.5
5201060,-1.4999999999999982,60.5
5201061,-1.4999999999999982,61.5
5201062,-1.4999999999999982,62.5
5201063,-1.4999999999999982,63.5
5201064,-1.4999999999999982,64.5
5201065,-1.4999999999999982,65.5
5201066,-1.4999999999999982,66.5
5201067,-1.4999999999999982,67.5
5201068,-1.4999999999999982,68.5
5201069,-1.4999999999999982,69.5
5201070,-1.4999999999999982,70.5
5201071,-1.4999999999999982,71.5
5201072,-1.4999999999999982,72.5
5201073,-1.4999999999999982,73.5
5201074,-1.4999999999999982,74.5
5201075,-1.4999999999999982,75.5
5201076,-1.4999999999999982,76.5
5201077,-1.4999999999999982,77.5
5201078,-1.4999999999999982,78.5
5201079,-1.4999999999999982,79.5
5201080,-1.4999999999999982,80.5
5201081,-1.4999999999999982,81.5
5201082,-1.4999999999999982,82.5
5201083,-1.4999999999999982,83.5
5201084,-1.4999999999999982,84.5
5201085,-1.4999999999999982,85.5
5201086,-1.4999999999999982,86.5
5201087,-1.4999999999999982,87.5
5201088,-1.4999999999999982,88.5
5201089,-1.4999999999999982,89.5
5201090,-1.4999999999999982,90.5
5201091,-1.4999999999999982,91.5
5201092,-1.4999999999999982,92.5
5201093,-1.4999999999999982,93.5
5201094,-1.4999999999999982,94.5
5201095,-1.4999999999999982,95.5
5201096,-1.4999999999999982,96.5
5201097,-1.4999999999999982,97.5
5201098,-1.5473064324444799,98.41400435031339
5201099,-1.489926304844121,99.5438539483761
5201100,-1.5784953424795933,100.32124997269278
5202040,-2.7143715254795726,40.65732702365949
5202041,-2.5063803093111425,41.506408186741574
5202042,-2.4999999999999982,42.5
5202043,-2.4999999999999982,43.5
5202044,-2.4999999999999982,44.5
5202045,-2.4999999999999982,45.5
5202046,-2.4999999999999982,46.5
5202047,-2.4999999999999982,47.5
5202048,-2.4999999999999982,48.5
5202049,-2.4999999999999982,49.5
5202050,-2.4999999999999982,50.5
5202051,-2.4999999999999982,51.5
5202052,-2.4999999999999982,52.5
5202053,-2.4999999999999982,53.5
5202054,-2.4999999999999982,54.5
5202055,-2.4999999999999982,55.5
5202056,-2.4999999999999982,56.5
5202057,-2.4999999999999982,57.5
5202058,-2.4999999999999982,58.5
5202059,-2.4999999999999982,59.5
5202060,-2.4999999999999982,60.5
5202061,-2.4999999999999982,61.5
5202062,-2.4999999999999982,62.5
5202063,-2.4999999999999982,63.5
5202064,-2.4999999999999982,64.5
5202065,-2.4999999999999982,65.5
5202066,-2.4999999999999982,66.5
5202067,-2.4999999999999982,67.5
5202068,-2.4999999999999982,68.5
5202069,-2.4999999999999982,69.5
5202070,-2.4999999999999982,70.5
5202071,-2.4999999999999982,71.5
5202072,-2.4999999999999982,72.5
5202073,-2.4999999999999982,73.5
5202074,-2.4999999999999982,74.5
5202075,-2.4999999999999982,75.5
5202076,-2.4999999999999982,76.5
5202077,-2.4999999999999982,77.5
5202078,-2.4999999999999982,78.5
5202079,-2.4999999999999982,79.5
5202080,-2.4999999999999982,80.5
5202081,-2.4999999999999982,81.5
5202082,-2.4999999999999982,82.5
5202083,-2.4999999999999982,83.5
5202084,-2.4999999999999982,84.5
5202085,-2.4999999999999982,85.5
5202086,-2.4999999999999982,86.5
5202087,-2.4999999999999982,87.5
5202088,-2.4999999999999982,88.5
5202089,-2.4999999999999982,89.5
5202090,-2.4999999999999982,90.5
5202091,-2.4999999999999982,91.5
5202092,-2.4999999999999982,92.5
5202093,-2.4999999999999982,93.5
5202094,-2.4999999999999982,94.5
5202095,-2.4999999999999982,95.5
5202096,-2.4999999999999982,96.5
5202097,-2.4999999999999982,97.5
5202098,-2.4999999999999982,98.5
5202099,-2.5153904914616683,99.4880614540408
5202100,-2.493294349047248,100.50278752180414
5202101,-2.8181473954923115,101.16435191258151
5203039,-3.772570813103901,39.91851756052611
5203040,-3.5178904467382313,40.521749186812805
5203041,-3.4999999999999982,41.5
5203042,-3.4999999999999982,42.5
5203043,-3.4999999999999982,43.5
5203044,-3.4999999999999982,44.5
5203045,-3.4999999999999982,45.5
5203046,-3.4999999999999982,46.5
5203047,-3.4999999999999982,47.5
5203048,-3.4999999999999982,48.5
5203049,-3.4999999999999982,49.5
5203050,-3.4999999999999982,50.5
5203051,-3.4999999999999982,51.5
5203052,-3.4999999999999982,52.5
5203053,-3.4999999999999982,53.5
5203054,-3.4999999999999982,54.5
5203055,-3.4999786175517715,55.500003588205814
5203056,-3.4999999999999982,56.5
5203057,-3.4999999999999982,57.5
5203058,-3.4999999999999982,58.5
5203059,-3.4999999999999982,59.5
5203060,-3.4999999999999982,60.5
5203061,-3.4999999999999982,61.5
5203062,-3.4999999999999982,62.5
5203063,-3.4999999999999982,63.5
5203064,-3.4999999999999982,64.5
5203065,-3.4999999999999982,65.5
5203066,-3.4999999999999982,66.5
5203067,-3.4999999999999982,67.5
5203068,-3.4999999999999982,68.5
5203069,-3.4999999999999982,69.5
5203070,-3.4999999999999982,70.5
5203071,-3.4999999999999982,71.5
5203072,-3.4999999999999982,72.5
5203073,-3.4999999999999982,73.5
5203074,-3.4999999999999982,74.5
5203075,-3.4999999999999982,75.5
5203076,-3.4999999999999982,76.5
5203077,-3.4999999999999982,77.5
5203078,-3.4999999999999982,78.5
5203079,-3.4999999999999982,79.5
5203080,-3.4999999999999982,80.5
5203081,-3.4999999999999982,81.5
5203082,-3.4999999999999982,82.5
5203083,-3.4999999999999982,83.5
5203084,-3.4999999999999982,84.5
5203085,-3.4999999999999982,85.5
5203086,-3.4999999999999982,86.5
5203087,-3.4999999999999982,87.5
5203088,-3.4999999999999982,88.5
5203089,-3.4999999999999982,89.5
5203090,-3.4999999999999982,90.5
5203091,-3.4999999999999982,91.5
5203092,-3.4999999999999982,92.5
5203093,-3.4999999999999982,93.5
5203094,-3.4999999999999982,94.5
5203095,-3.4999999999999982,95.5
5203096,-3.4999999999999982,96.5
5203097,-3.4999999999999982,97.5
5203098,-3.4999999999999982,98.5
5203099,-3.4999999999999982,99.5
5203100,-3.518042928040636,100.50601109003726
5203101,-3.5640515217359217,101.4393199566923
5203102,-3.8036189270125833,102.12129450058399
5204039,-4.588031002405171,39.68225794890238
5204040,-4.499999999999998,40.5
5204041,-4.499999999999998,41.5
5204042,-4.499999999999998,42.5
5204043,-4.499999999999998,43.5
5204044,-4.499999999999998,44.5
5204045,-4.499999999999998,45.5
5204046,-4.499999999999998,46.5
5204047,-4.499999999999998,47.5
5204048,-4.499999999999998,48.5
5204049,-4.499999999999998,49.5
5204050,-4.499999999999998,50.5
5204051,-4.499999999999998,51.5
5204052,-4.499999999999998,52.5
5204053,-4.499999999999998,53.5
5204054,-4.499999999999998,54.5
5204055,-4.4986667228896176,55.49962088708387
5204056,-4.499999999999998,56.5
5204057,-4.499999999999998,57.5
5204058,-4.499999999999998,58.5
5204059,-4.499999999999998,59.5
5204060,-4.499999999999998,60.5
5204061,-4.499999999999998,61.5
5204062,-4.499999999999998,62.5
5204063,-4.499999999999998,63.5
5204064,-4.499999999999998,64.5
5204065,-4.499999999999998,65.5
5204066,-4.499999999999998,66.5
5204067,-4.499999999999998,67.5
5204068,-4.499999999999998,68.5
5204069,-4.499999999999998,69.5
5204070,-4.499999999999998,70.5
5204071,-4.499999999999998,71.5
5204072,-4.499999999999998,72.5
5204073,-4.499999999999998,73.5
5204074,-4.499999999999998,74.5
5204075,-4.499999999999998,75.5
5204076,-4.499999999999998,76.5
5204077,-4.499999999999998,77.5
5204078,-4.499999999999998,78.5
5204079,-4.499999999999998,79.5
5204080,-4.499999999999998,80.5
5204081,-4.499999999999998,81.5
5204082,-4.499999999999998,82.5
5204083,-4.499999999999998,83.5
5204084,-4.499999999999998,84.5
5204085,-4.499999999999998,85.5
5204086,-4.499999999999998,86.5
5204087,-4.499999999999998,87.5
5204088,-4.499999999999998,88.5
5204089,-4.499999999999998,89.5
5204090,-4.499999999999998,90.5
5204091,-4.499999999999998,91.5
5204092,-4.499999999999998,92.5
5204093,-4.499999999999998,93.5
5204094,-4.499999999999998,94.5
5204095,-4.499999999999998,95.5
5204096,-4.499999999999998,96.5
5204097,-4.499999999999998,97.5
5204098,-4.499999999999998,98.5
5204099,-4.499999999999998,99.5
5204100,-4.499999999999998,100.5
5204101,-4.499999999999998,101.5
5204102,-4.570994621298109,102.4391735262834
5204103,-4.840442957326038,103.22698417052426
5205038,-5.816381914572996,38.92571096832406
5205039,-5.521753750809336,39.50848550663385
5205040,-5.499999999999998,40.5
5205041,-5.499999999999998,41.5
5205042,-5.499999999999998,42.5
5205043,-5.499999999999998,43.5
5205044,-5.499999999999998,44.5
5205045,-5.499999999999998,45.5
5205046,-5.499999999999998,46.5
5205047,-5.499999999999998,47.5
5205048,-5.499999999999998,48.5
5205049,-5.499999999999998,49.5
5205050,-5.499999999999998,50.5
5205051,-5.499999999999998,51.5
5205052,-5.499999999999998,52.5
5205053,-5.499912484966426,53.500048933435124
5205054,-5.499999999999998,54.5
5205055,-5.499985812996151,55.500004007539914
5205056,-5.499999999999998,56.5
5205057,-5.499999999999998,57.5
5205058,-5.499999999999998,58.5
5205059,-5.499999999999998,59.5
5205060,-5.499999999999998,60.5
5205061,-5.499999999999998,61.5
5205062,-5.499999999999998,62.5
5205063,-5.499999999999998,63.5
5205064,-5.499999999999998,64.5
5205065,-5.499999999999998,65.5
5205066,-5.499999999999998,66.5
5205067,-5.499999999999998,67.5
5205068,-5.499999999999998,68.5
5205069,-5.499999999999998,69.5
5205070,-5.499999999999998,70.5
5205071,-5.500083911580993,71.49985696471614
5205072,-5.4999872577992726,72.50001157281422
5205073,-5.499999999999998,73.5
5205074,-5.499999999999998,74.5
5205075,-5.499999999999998,75.5
5205076,-5.499999999999998,76.5
5205077,-5.499999999999998,77.5
5205078,-5.499999999999998,78.5
5205079,-5.499999999999998,79.5
5205080,-5.499999999999998,80.5
5205081,-5.499999999999998,81.5
5205082,-5.499999999999998,82.5
5205083,-5.499999999999998,83.5
5205084,-5.499999999999998,84.5
5205085,-5.499999999999998,85.5
5205086,-5.499999999999998,86.5
5205087,-5.499999999999998,87.5
5205088,-5.499999999999998,88.5
5205089,-5.499999999999998,89.5
5205090,-5.499999999999998,90.5
5205091,-5.499999999999998,91.5
5205092,-5.499999999999998,92.5
5205093,-5.499999999999998,93.5
5205094,-5.499999999999998,94.5
5205095,-5.499999999999998,95.5
5205096,-5.499999999999998,96.5
5205097,-5.499999999999998,97.5
5205098,-5.499999999999998,98.5
5205099,-5.499999999999998,99.5
5205100,-5.499999999999998,100.5
5205101,-5.499999999999998,101.5
5205102,-5.503536551570664,102.5082299698284
5205103,-5.514834798870547,103.48472216790202
5205104,-5.774721613135488,104.43467280102453
5205105,-5.826668084143309,105.32031375195704
5206038,-6.200414139215653,38.917943785525644
5206039,-6.473296920783673,39.57962037107023
5206040,-6.499999999999998,40.5
5206041,-6.499999999999998,41.5
5206042,-6.499999999999998,42.5
5206043,-6.499999999999998,43.5
5206044,-6.499999999999998,44.5
5206045,-6.499999999999998,45.5
5206046,-6.499999999999998,46.5
5206047,-6.499999999999998,47.5
5206048,-6.499999999999998,48.5
5206049,-6.499999999999998,49.5
5206050,-6.499999999999998,50.5
5206051,-6.499999999999998,51.5
5206052,-6.499938140116705,52.49996943874521
5206053,-6.500043553654137,53.500065730325495
5206054,-6.499999999999998,54.5
5206055,-6.499999999999998,55.5
5206056,-6.499999999999998,56.5
5206057,-6.499999999999998,57.5
5206058,-6.499999999999998,58.5
5206059,-6.499999999999998,59.5
5206060,-6.499999999999998,60.5
5206061,-6.499999999999998,61.5
5206062,-6.499999999999998,62.5
5206063,-6.499999999999998,63.5
5206064,-6.499999999999998,64.5
5206065,-6.499999999999998,65.5
5206066,-6.499999999999998,66.5
5206067,-6.499999999999998,67.5
5206068,-6.499999999999998,68.5
5206069,-6.499999999999998,69.5
5206070,-6.499999999999998,70.5
5206071,-6.500044687346857,71.50006568530404
5206072,-6.499999999999998,72.5
5206073,-6.499999999999998,73.5
5206074,-6.499999999999998,74.5
5206075,-6.499999999999998,75.5
5206076,-6.499999999999998,76.5
5206077,-6.499999999999998,77.5
5206078,-6.499999999999998,78.5
5206079,-6.499999999999998,79.5
5206080,-6.499999999999998,80.5
5206081,-6.499999999999998,81.5
5206082,-6.499999999999998,82.5
5206083,-6.499999999999998,83.5
5206084,-6.499999999999998,84.5
5206085,-6.499999999999998,85.5
5206086,-6.499999999999998,86.5
5206087,-6.499999999999998,87.5
5206088,-6.499999999999998,88.5
5206089,-6.499999999999998,89.5
5206090,-6.499999999999998,90.5
5206091,-6.499999999999998,91.5
5206092,-6.499999999999998,92.5
5206093,-6.499999999999998,93.5
5206094,-6.499999999999998,94.5
5206095,-6.499999999999998,95.5
5206096,-6.499999999999998,96.5
5206097,-6.499999999999998,97.5
5206098,-6.499999999999998,98.5
5206099,-6.499999999999998,99.5
5206100,-6.499999999999998,100.5
5206101,-6.499999999999998,101.5
5206102,-6.499999999999998,102.5
5206103,-6.499999999999998,103.5
5206104,-6.499999999999998,104.5
5206105,-6.483117370391192,105.39970995357677
5206106,-6.943763890469312,106.1384698449295
5207039,-7.49499585831846,39.68668866302645
5207040,-7.499999999999998,40.5
5207041,-7.499999999999998,41.5
5207042,-7.499999999999998,42.5
5207043,-7.499999999999998,43.5
5207044,-7.499999999999998,44.5
5207045,-7.499999999999998,45.5
5207046,-7.499999999999998,46.5
5207047,-7.499999999999998,47.5
5207048,-7.499999999999998,48.5
5207049,-7.499999999999998,49.5
5207050,-7.499999999999998,50.5
5207051,-7.499999999999998,51.5
5207052,-7.500067972699571,52.49995994424091
5207053,-7.499999999999998,53.5
5207054,-7.499999999999998,54.5
5207055,-7.499999999999998,55.5
5207056,-7.500536667408901,56.500359266634696
5207057,-7.499999999999998,57.5
5207058,-7.499999999999998,58.5
5207059,-7.499999999999998,59.5
5207060,-7.499999999999998,60.5
5207061,-7.499999999999998,61.5
5207062,-7.499999999999998,62.5
5207063,-7.499999999999998,63.5
5207064,-7.499999999999998,64.5
5207065,-7.499999999999998,65.5
5207066,-7.499999999999998,66.5
5207067,-7.499999999999998,67.5
5207068,-7.499999999999998,68.5
5207069,-7.499999999999998,69.5
5207070,-7.499999999999998,70.5
5207071,-7.499999999999998,71.5
5207072,-7.500479884667819,72.5002011080176
5207073,-7.499999999999998,73.5
5207074,-7.499999999999998,74.5
5207075,-7.499999999999998,75.5
5207076,-7.499999999999998,76.5
5207077,-7.499999999999998,77.5
5207078,-7.499999999999998,78.5
5207079,-7.499999999999998,79.5
5207080,-7.499999999999998,80.5
5207081,-7.499999999999998,81.5
5207082,-7.499999999999998,82.5
5207083,-7.499999999999998,83.5
5207084,-7.499999999999998,84.5
5207085,-7.499999999999998,85.5
5207086,-7.499999999999998,86.5
5207087,-7.499999999999998,87.5
5207088,-7.499999999999998,88.5
5207089,-7.499999999999998,89.5
5207090,-7.499999999999998,90.5
5207091,-7.499999999999998,91.5
5207092,-7.499999999999998,92.5
5207093,-7.499999999999998,93.5
5207094,-7.499999999999998,94.5
5207095,-7.499999999999998,95.5
5207096,-7.499999999999998,96.5
5207097,-7.499999999999998,97.5
5207098,-7.499999999999998,98.5
5207099,-7.499999999999998,99.5
5207100,-7.499999999999998,100.5
5207101,-7.499999999999998,101.5
5207102,-7.499999999999998,102.5
5207103,-7.499999999999998,103.5
5207104,-7.499999999999998,104.5
5207105,-7.500327981605242,105.49997407832046
5207106,-7.586183154868683,106.43049617705599
5207107,-7.773928847667215,107.43405348598725
5207108,-7.869204290249212,108.53246333211172
5207109,-7.8760668334760835,109.43401352986602
5207110,-7.9611917512521435,110.08427971180912
5208039,-8.485265929379361,39.69220295202874
5208040,-8.499999999999998,40.5
5208041,-8.499999999999998,41.5
5208042,-8.499999999999998,42.5
5208043,-8.499999999999998,43.5
5208044,-8.499999999999998,44.5
5208045,-8.499999999999998,45.5
5208046,-8.499999999999998,46.5
5208047,-8.499999999999998,47.5
5208048,-8.499999999999998,48.5
5208049,-8.499999999999998,49.5
5208050,-8.499999999999998,50.5
5208051,-8.499999999999998,51.5
5208052,-8.499999999999998,52.5
5208053,-8.499999999999998,53.5
5208054,-8.499999999999998,54.5
5208055,-8.499999999999998,55.5
5208056,-8.499999999999998,56.5
5208057,-8.499999999999998,57.5
5208058,-8.499999999999998,58.5
5208059,-8.499999999999998,59.5
5208060,-8.499999999999998,60.5
5208061,-8.499999999999998,61.5
5208062,-8.499999999999998,62.5
5208063,-8.499999999999998,63.5
5208064,-8.499999999999998,64.5
5208065,-8.499999999999998,65.5
5208066,-8.499999999999998,66.5
5208067,-8.499999999999998,67.5
5208068,-8.499999999999998,68.5
5208069,-8.499999999999998,69.5
5208070,-8.499999999999998,70.5
5208071,-8.499999999999998,71.5
5208072,-8.499999999999998,72.5
5208073,-8.499999999999998,73.5
5208074,-8.499999999999998,74.5
5208075,-8.499999999999998,75.5
5208076,-8.499999999999998,76.5
5208077,-8.499999999999998,77.5
5208078,-8.499999999999998,78.5
5208079,-8.499999999999998,79.5
5208080,-8.499999999999998,80.5
5208081,-8.499999999999998,81.5
5208082,-8.499999999999998,82.5
5208083,-8.499999999999998,83.5
5208084,-8.499999999999998,84.5
5208085,-8.499999999999998,85.5
5208086,-8.499999999999998,86.5
5208087,-8.499999999999998,87.5
5208088,-8.499999999999998,88.5
5208089,-8.499999999999998,89.5
5208090,-8.499999999999998,90.5
5208091,-8.499999999999998,91.5
5208092,-8.499999999999998,92.5
5208093,-8.499999999999998,93.5
5208094,-8.499999999999998,94.5
5208095,-8.499999999999998,95.5
5208096,-8.499999999999998,96.5
5208097,-8.499999999999998,97.5
5208098,-8.499999999999998,98.5
5208099,-8.499999999999998,99.5
5208100,-8.499999999999998,100.5
5208101,-8.499999999999998,101.5
5208102,-8.499999999999998,102.5
5208103,-8.499999999999998,103.5
5208104,-8.499999999999998,104.5
5208105,-8.499999999999998,105.5
5208106,-8.499999999999998,106.5
5208107,-8.499999999999998,107.5
5208108,-8.499999999999998,108.5
5208109,-8.499999999999998,109.5
5208110,-8.551367893944743,110.47220380924277
5208111,-8.647778428466282,111.49305786352417
5208112,-8.687448899798099,112.48632157961346
5208113,-8.703275420071414,113.44649297224868
5208114,-8.640490020160048,114.56880716560391
5208115,-8.57404797024781,115.59214077225374
5208116,-8.436245538688578,116.51976597351391
5208117,-8.374439509964057,117.52402394667564
5208118,-8.531832792688382,118.50463267149536
5208119,-8.523197188722987,119.4809977832158
5208120,-8.486626603558191,120.4724475695025
5208121,-8.438555720533083,121.52229248712818
5208122,-8.549053782337939,122.4807927832499
5208123,-8.568912692343847,123.51531091467498
5208124,-8.593220001705586,124.48982386101531
5208125,-8.336228313440303,125.47063466442313
5208126,-8.398986066395551,126.53436542782126
5208127,-8.52910996456294,127.51943600583276
5208128,-8.51406821462495,128.5039871956982
5209039,-9.430890351728682,39.83815090017528
5209040,-9.499999999999998,40.5
5209041,-9.499999999999998,41.5
5209042,-9.499999999999998,42.5
5209043,-9.499999999999998,43.5
5209044,-9.499999999999998,44.5
5209045,-9.499999999999998,45.5
5209046,-9.501230169604545,46.50169434737238
5209047,-9.499933953039893,47.49997342498602
5209048,-9.499999999999998,48.5
5209049,-9.499999999999998,49.5
5209050,-9.50002188172525,50.49996688567954
5209051,-9.500035018679434,51.5001746735947
5209052,-9.499999999999998,52.5
5209053,-9.499999999999998,53.5
5209054,-9.499999999999998,54.5
5209055,-9.499999999999998,55.5
5209056,-9.499999999999998,56.5
5209057,-9.499999999999998,57.5
5209058,-9.499999999999998,58.5
5209059,-9.499999999999998,59.5
5209060,-9.499999999999998,60.5
5209061,-9.499999999999998,61.5
5209062,-9.499999999999998,62.5
5209063,-9.499999999999998,63.5
5209064,-9.499999999999998,64.5
5209065,-9.499999999999998,65.5
5209066,-9.499999999999998,66.5
5209067,-9.499999999999998,67.5
5209068,-9.499999999999998,68.5
5209069,-9.499999999999998,69.5
5209070,-9.499999999999998,70.5
5209071,-9.499999999999998,71.5
5209072,-9.499999999999998,72.5
5209073,-9.499999999999998,73.5
5209074,-9.499999999999998,74.5
5209075,-9.499999999999998,75.5
5209076,-9.499999999999998,76.5
5209077,-9.499999999999998,77.5
5209078,-9.499999999999998,78.5
5209079,-9.499999999999998,79.5
5209080,-9.499999999999998,80.5
5209081,-9.499999999999998,81.5
5209082,-9.499999999999998,82.5
5209083,-9.499999999999998,83.5
5209084,-9.499999999999998,84.5
5209085,-9.499999999999998,85.5
5209086,-9.499999999999998,86.5
5209087,-9.499999999999998,87.5
5209088,-9.499999999999998,88.5
5209089,-9.499999999999998,89.5
5209090,-9.499999999999998,90.5
5209091,-9.499999999999998,91.5
5209092,-9.499999999999998,92.5
5209093,-9.499999999999998,93.5
5209094,-9.499999999999998,94.5
5209095,-9.499999999999998,95.5
5209096,-9.499999999999998,96.5
5209097,-9.499999999999998,97.5
5209098,-9.499999999999998,98.5
5209099,-9.499999999999998,99.5
5209100,-9.499999999999998,100.5
5209101,-9.499999999999998,101.5
5209102,-9.499999999999998,102.5
5209103,-9.499999999999998,103.5
5209104,-9.499999999999998,104.5
5209105,-9.499999999999998,105.5
5209106,-9.499999999999998,106.5
5209107,-9.499999999999998,107.5
5209108,-9.499999999999998,108.5
5209109,-9.499999999999998,109.5
5209110,-9.499999999999998,110.5
5209111,-9.499999999999998,111.5
5209112,-9.499999999999998,112.5
5209113,-9.499999999999998,113.5
5209114,-9.499999999999998,114.5
5209115,-9.499999999999998,115.5
5209116,-9.506242566460196,116.49468977240217
5209117,-9.513065732534495,117.50883004791514
5209118,-9.499740432812237,118.49693511885444
5209119,-9.42434140666731,119.44495006038206
5209120,-9.395154936607325,120.57788609059604
5209121,-9.499999999999998,121.5
5209122,-9.499999999999998,122.5
5209123,-9.444235850677691,123.42413952255123
5209124,-9.378248792086225,124.48847862750809
5209125,-9.626530296219778,125.54601278720969
5209126,-9.503821347789904,126.50373489901591
5209127,-9.499999999999998,127.5
5209128,-9.499999305704797,128.49999907807518
5210039,-10.054906548561593,39.956492635614545
5210040,-10.41202475402528,40.65883404368611
5210041,-10.499999999999998,41.5
5210042,-10.499999999999998,42.5
5210043,-10.499999999999998,43.5
5210044,-10.499999999999998,44.5
5210045,-10.499999999999998,45.5
5210046,-10.499999999999998,46.5
5210047,-10.500115636323498,47.499927728218104
5210048,-10.499999999999998,48.5
5210049,-10.499999999999998,49.5
5210050,-10.499999999999998,50.5
5210051,-10.500210326748194,51.5001896788727
5210052,-10.499999999999998,52.5
5210053,-10.499999999999998,53.5
5210054,-10.499999999999998,54.5
5210055,-10.499999999999998,55.5
5210056,-10.50019407441438,56.49985950263534
5210057,-10.499999999999998,57.5
5210058,-10.499999999999998,58.5
5210059,-10.499999999999998,59.5
5210060,-10.499999999999998,60.5
5210061,-10.499999999999998,61.5
5210062,-10.499999999999998,62.5
5210063,-10.499999999999998,63.5
5210064,-10.499999999999998,64.5
5210065,-10.499999999999998,65.5
5210066,-10.499999999999998,66.5
5210067,-10.499999999999998,67.5
5210068,-10.499999999999998,68.5
5210069,-10.499999999999998,69.5
5210070,-10.499999999999998,70.5
5210071,-10.499999999999998,71.5
5210072,-10.499999999999998,72.5
5210073,-10.499999999999998,73.5
5210074,-10.499999999999998,74.5
5210075,-10.499999999999998,75.5
5210076,-10.499999999999998,76.5
5210077,-10.499999999999998,77.5
5210078,-10.499999999999998,78.5
5210079,-10.499999999999998,79.5
5210080,-10.499999999999998,80.5
5210081,-10.499999999999998,81.5
5210082,-10.499999999999998,82.5
5210083,-10.499999999999998,83.5
5210084,-10.499999999999998,84.5
5210085,-10.499999999999998,85.5
5210086,-10.499999999999998,86.5
5210087,-10.499999999999998,87.5
5210088,-10.499999999999998,88.5
5210089,-10.499999999999998,89.5
5210090,-10.499999999999998,90.5
5210091,-10.499999999999998,91.5
5210092,-10.499999999999998,92.5
5210093,-10.499999999999998,93.5
5210094,-10.499999999999998,94.5
5210095,-10.499999999999998,95.5
5210096,-10.499999999999998,96.5
5210097,-10.499999999999998,97.5
5210098,-10.499999999999998,98.5
5210099,-10.499999999999998,99.5
5210100,-10.499999999999998,100.5
5210101,-10.499999999999998,101.5
5210102,-10.499999999999998,102.5
5210103,-10.499999999999998,103.5
5210104,-10.499999999999998,104.5
5210105,-10.500134674011283,105.4983659554968
5210106,-10.499999999999998,106.5
5210107,-10.499999999999998,107.5
5210108,-10.499999999999998,108.5
5210109,-10.499999999999998,109.5
5210110,-10.499999999999998,110.5
5210111,-10.499999999999998,111.5
5210112,-10.499999999999998,112.5
5210113,-10.499999999999998,113.5
5210114,-10.499999999999998,114.5
5210115,-10.499999999999998,115.5
5210116,-10.499999999999998,116.5
5210117,-10.499999999999998,117.5
5210118,-10.499999999999998,118.5
5210119,-10.500434625497316,119.49956648371314
5210120,-10.583707732866944,120.51929736110729
5210121,-10.499999999999996,121.5
5210122,-10.489118938833446,122.48723407464078
5210123,-10.545283350681517,123.48138333986948
5210124,-10.538608662322767,124.5249654185617
5210125,-10.499999999999998,125.5
5210126,-10.499999999999998,126.5
5210127,-10.499999999999998,127.5
5210128,-10.50000013801904,128.49999552912544
5211040,-11.506433558969219,40.7353227453718
5211041,-11.499999999999998,41.5
5211042,-11.499999999999998,42.5
5211043,-11.484998845724961,43.514735053540754
5211044,-11.499999999999998,44.5
5211045,-11.499999999999998,45.5
5211046,-11.499999999999998,46.5
5211047,-11.49998485695262,47.500050427068544
5211048,-11.499999999999998,48.5
5211049,-11.498381809354182,49.5008187659612
5211050,-11.499999999999998,50.5
5211051,-11.499999999999998,51.5
5211052,-11.499999999999998,52.5
5211053,-11.499999999999998,53.5
5211054,-11.499999999999998,54.5
5211055,-11.499999999999998,55.5
5211056,-11.499999999999998,56.5
5211057,-11.499999999999998,57.5
5211058,-11.499999999999998,58.5
5211059,-11.499999999999998,59.5
5211060,-11.499999999999998,60.5
5211061,-11.499999999999998,61.5
5211062,-11.499999999999998,62.5
5211063,-11.499999999999998,63.5
5211064,-11.499999999999998,64.5
5211065,-11.499999999999998,65.5
5211066,-11.499999999999998,66.5
5211067,-11.499999999999998,67.5
5211068,-11.499999999999998,68.5
5211069,-11.499999999999998,69.5
5211070,-11.499999999999998,70.5
5211071,-11.499999999999998,71.5
5211072,-11.499999999999998,72.5
5211073,-11.499999999999998,73.5
5211074,-11.499999999999998,74.5
5211075,-11.499999999999998,75.5
5211076,-11.499999999999998,76.5
5211077,-11.499999999999998,77.5
5211078,-11.499999999999998,78.5
5211079,-11.499999999999998,79.5
5211080,-11.499999999999998,80.5
5211081,-11.499999999999998,81.5
5211082,-11.499999999999998,82.5
5211083,-11.499999999999998,83.5
5211084,-11.499999999999998,84.5
5211085,-11.499999999999998,85.5
5211086,-11.499999999999998,86.5
5211087,-11.499999999999998,87.5
5211088,-11.499999999999998,88.5
5211089,-11.499999999999998,89.5
5211090,-11.499999999999998,90.5
5211091,-11.499999999999998,91.5
5211092,-11.499999999999998,92.5
5211093,-11.499999999999998,93.5
5211094,-11.499999999999998,94.5
5211095,-11.499999999999998,95.5
5211096,-11.499967240517124,96.49996501348895
5211097,-11.499999999999998,97.5
5211098,-11.499999999999998,98.5
5211099,-11.499999999999998,99.5
5211100,-11.499999999999998,100.5
5211101,-11.499999999999998,101.5
5211102,-11.499999999999998,102.5
5211103,-11.499999999999998,103.5
5211104,-11.499999999999998,104.5
5211105,-11.499999999999998,105.5
5211106,-11.499999999999998,106.5
5211107,-11.499999999999998,107.5
5211108,-11.499999999999998,108.5
5211109,-11.499999999999998,109.5
5211110,-11.499999999999998,110.5
5211111,-11.499999999999998,111.5
5211112,-11.499999999999998,112.5
5211113,-11.499999999999998,113.5
5211114,-11.499999999999998,114.5
5211115,-11.499999999999998,115.5
5211116,-11.499999999999998,116.5
5211117,-11.499999999999998,117.5
5211118,-11.499999999999998,118.5
5211119,-11.499999999999998,119.5
5211120,-11.499999999999998,120.5
5211121,-11.499999999999998,121.5
5211122,-11.500025274020981,122.49998148332934
5211123,-11.499999999999998,123.5
5211124,-11.499999999999998,124.5
5211125,-11.499999999999998,125.5
5211126,-11.499999999999998,126.5
5211127,-11.499999999999998,127.5
5211128,-11.500000138958342,128.4999963600399
5212040,-12.493719286294038,40.7667235768195
5212041,-12.499999999999998,41.5
5212042,-12.499999999999998,42.5
5212043,-12.50332458702399,43.4958186465661
5212044,-12.510394046972102,44.50234438904123
5212045,-12.489374798519343,45.51186611514388
5212046,-12.499999999999998,46.5
5212047,-12.499999999999998,47.5
5212048,-12.488768853794491,48.46774754177441
5212049,-12.359351365605498,49.67074308166389
5212050,-12.499999999999998,50.5
5212051,-12.499999999999998,51.5
5212052,-12.499999999999998,52.5
5212053,-12.499999999999998,53.5
5212054,-12.499999999999998,54.5
5212055,-12.499999999999998,55.5
5212056,-12.499999999999998,56.5
5212057,-12.499999999999998,57.5
5212058,-12.499999999999998,58.5
5212059,-12.499999999999998,59.5
5212060,-12.499999999999998,60.5
5212061,-12.499999999999998,61.5
5212062,-12.499999999999998,62.5
5212063,-12.499999999999998,63.5
5212064,-12.499999999999998,64.5
5212065,-12.499999999999998,65.5
5212066,-12.499999999999998,66.5
5212067,-12.499999999999998,67.5
5212068,-12.499999999999998,68.5
5212069,-12.499999999999998,69.5
5212070,-12.499999999999998,70.5
5212071,-12.499999999999998,71.5
5212072,-12.499999999999998,72.5
5212073,-12.499999999999998,73.5
5212074,-12.499999999999998,74.5
5212075,-12.499999999999998,75.5
5212076,-12.499999999999998,76.5
5212077,-12.499999999999998,77.5
5212078,-12.499999999999998,78.5
5212079,-12.499999999999998,79.5
5212080,-12.499999999999998,80.5
5212081,-12.499999999999998,81.5
5212082,-12.499999999999998,82.5
5212083,-12.499999999999998,83.5
5212084,-12.499999999999998,84.5
5212085,-12.499999999999998,85.5
5212086,-12.499999999999998,86.5
5212087,-12.499999999999998,87.5
5212088,-12.499999999999998,88.5
5212089,-12.499999999999998,89.5
5212090,-12.499999999999998,90.5
5212091,-12.499999999999998,91.5
5212092,-12.499999999999998,92.5
5212093,-12.499999999999998,93.5
5212094,-12.499999999999998,94.5
5212095,-12.499999999999998,95.5
5212096,-12.500494489497223,96.49948403757463
5212097,-12.499999999999998,97.5
5212098,-12.499999999999998,98.5
5212099,-12.499999999999998,99.5
5212100,-12.499999999999998,100.5
5212101,-12.499999999999998,101.5
5212102,-12.499999999999998,102.5
5212103,-12.499999999999998,103.5
5212104,-12.499999999999998,104.5
5212105,-12.499999999999998,105.5
5212106,-12.499999999999998,106.5
5212107,-12.499999999999998,107.5
5212108,-12.499999999999998,108.5
5212109,-12.499999999999998,109.5
5212110,-12.499999999999998,110.5
5212111,-12.499999999999998,111.5
5212112,-12.499999999999998,112.5
5212113,-12.499999999999998,113.5
5212114,-12.499999999999998,114.5
5212115,-12.499999999999998,115.5
5212116,-12.499999999999998,116.5
5212117,-12.499999999999998,117.5
5212118,-12.499999999999998,118.5
5212119,-12.499999999999998,119.5
5212120,-12.499999999999998,120.5
5212121,-12.499999999999998,121.5
5212122,-12.499999999999998,122.5
5212123,-12.499999999999998,123.5
5212124,-12.499999999999998,124.5
5212125,-12.499999999999998,125.5
5212126,-12.499999999999998,126.5
5212127,-12.499999999999998,127.5
5212128,-12.50000013999277,128.49999719687838
5213040,-13.492368635411925,40.787534806079236
5213041,-13.499999999999998,41.5
5213042,-13.499999999999998,42.5
5213043,-13.499999999999998,43.5
5213044,-13.499999999999998,44.5
5213045,-13.500000010668447,45.50000000760242
5213046,-13.499999999999998,46.5
5213047,-13.489039258533067,47.48094454814735
5213048,-13.29106388102036,48.373289345570036
5213049,-13.143906246971461,49.96524016597134
5213050,-13.483325845583881,50.52632660306083
5213051,-13.499999999999998,51.5
5213052,-13.499999999999998,52.5
5213053,-13.499999999999998,53.5
5213054,-13.499999999999998,54.5
5213055,-13.499999999999998,55.5
5213056,-13.499999999999998,56.5
5213057,-13.499999999999998,57.5
5213058,-13.499999999999998,58.5
5213059,-13.499999999999998,59.5
5213060,-13.499999999999998,60.5
5213061,-13.499999999999998,61.5
5213062,-13.499999999999998,62.5
5213063,-13.499999999999998,63.5
5213064,-13.499999999999998,64.5
5213065,-13.499999999999998,65.5
5213066,-13.499999999999998,66.5
5213067,-13.499999999999998,67.5
5213068,-13.499999999999998,68.5
5213069,-13.499999999999998,69.5
5213070,-13.499999999999998,70.5
5213071,-13.499999999999998,71.5
5213072,-13.499999999999998,72.5
5213073,-13.499999999999998,73.5
5213074,-13.499999999999998,74.5
5213075,-13.499999999999998,75.5
5213076,-13.499999999999998,76.5
5213077,-13.499999999999998,77.5
5213078,-13.499999999999998,78.5
5213079,-13.499999999999998,79.5
5213080,-13.499999999999998,80.5
5213081,-13.499999999999998,81.5
5213082,-13.499999999999998,82.5
5213083,-13.499999999999998,83.5
5213084,-13.499999999999998,84.5
5213085,-13.499999999999998,85.5
5213086,-13.499999999999998,86.5
5213087,-13.499999999999998,87.5
5213088,-13.499999999999998,88.5
5213089,-13.499999999999998,89.5
5213090,-13.499999999999998,90.5
5213091,-13.499999999999998,91.5
5213092,-13.499999999999998,92.5
5213093,-13.499999999999998,93.5
5213094,-13.499999999999998,94.5
5213095,-13.499999999999998,95.5
5213096,-13.499999999999998,96.5
5213097,-13.499999999999998,97.5
5213098,-13.499999999999998,98.5
5213099,-13.499999999999998,99.5
5213100,-13.499999999999998,100.5
5213101,-13.499999999999998,101.5
5213102,-13.499999999999998,102.5
5213103,-13.499999999999998,103.5
5213104,-13.499999999999998,104.5
5213105,-13.499999999999998,105.5
5213106,-13.499999999999998,106.5
5213107,-13.499999999999998,107.5
5213108,-13.499999999999998,108.5
5213109,-13.499999999999998,109.5
5213110,-13.499999999999998,110.5
5213111,-13.499999999999998,111.5
5213112,-13.499999999999998,112.5
5213113,-13.499999999999998,113.5
5213114,-13.499999999999998,114.5
5213115,-13.499999999999998,115.5
5213116,-13.499999999999998,116.5
5213117,-13.499999999999998,117.5
5213118,-13.499999999999998,118.5
5213119,-13.499999999999998,119.5
5213120,-13.499999999999998,120.5
5213121,-13.499999999999998,121.5
5213122,-13.499999999999998,122.5
5213123,-13.499999999999998,123.5
5213124,-13.499999999999998,124.5
5213125,-13.49975516593643,125.49988547070481
5213126,-13.465742055793447,126.48085936132247
5213127,-13.479415632161796,127.51514169951172
5213128,-13.500000141125017,128.49999804022022
5214040,-14.43057042365915,40.85731720443047
5214041,-14.499999999999998,41.5
5214042,-14.499999999999998,42.5
5214043,-14.499999999999998,43.5
5214044,-14.499999999999998,44.5
5214045,-14.499999999999998,45.5
5214046,-14.499999999999998,46.5
5214047,-14.428281444339211,47.387758988131466
5214048,-14.151255604057003,48.018573665168454
5214050,-14.483758686815106,50.600773885981695
5214051,-14.499999999999998,51.5
5214052,-14.499999999999998,52.5
5214053,-14.499999999999998,53.5
5214054,-14.499999999999998,54.5
5214055,-14.499999999999998,55.5
5214056,-14.499999999999998,56.5
5214057,-14.499999999999998,57.5
5214058,-14.499999999999998,58.5
5214059,-14.499999999999998,59.5
5214060,-14.499999999999998,60.5
5214061,-14.499999999999998,61.5
5214062,-14.499999999999998,62.5
5214063,-14.499999999999998,63.5
5214064,-14.499999999999998,64.5
5214065,-14.499999999999998,65.5
5214066,-14.499999999999998,66.5
5214067,-14.499999999999998,67.5
5214068,-14.499999999999998,68.5
5214069,-14.499999999999998,69.5
5214070,-14.499999999999998,70.5
5214071,-14.499999999999998,71.5
5214072,-14.499999999999998,72.5
5214073,-14.499999999999998,73.5
5214074,-14.499999999999998,74.5
5214075,-14.499999999999998,75.5
5214076,-14.499999999999998,76.5
5214077,-14.499999999999998,77.5
5214078,-14.499999999999998,78.5
5214079,-14.499999999999998,79.5
5214080,-14.499999999999998,80.5
5214081,-14.499999999999998,81.5
5214082,-14.499999999999998,82.5
5214083,-14.499999999999998,83.5
5214084,-14.499999999999998,84.5
5214085,-14.499999999999998,85.5
5214086,-14.499999999999998,86.5
5214087,-14.499999999999998,87.5
5214088,-14.499999999999998,88.5
5214089,-14.499999999999998,89.5
5214090,-14.499999999999998,90.5
5214091,-14.499999999999998,91.5
5214092,-14.499999999999998,92.5
5214093,-14.499999999999998,93.5
5214094,-14.499999999999998,94.5
5214095,-14.499999999999998,95.5
5214096,-14.499999999999998,96.5
5214097,-14.499999999999998,97.5
5214098,-14.499999999999998,98.5
5214099,-14.499999999999998,99.5
5214100,-14.499999999999998,100.5
5214101,-14.499999999999998,101.5
5214102,-14.499999999999998,102.5
5214103,-14.499999999999998,103.5
5214104,-14.499999999999998,104.5
5214105,-14.499999999999998,105.5
5214106,-14.499999999999998,106.5
5214107,-14.499999999999998,107.5
5214108,-14.499999999999998,108.5
5214109,-14.499999999999998,109.5
5214110,-14.499999999999998,110.5
5214111,-14.499999999999998,111.5
5214112,-14.499999999999998,112.5
5214113,-14.499999999999998,113.5
5214114,-14.499999999999998,114.5
5214115,-14.499999999999998,115.5
5214116,-14.499999999999998,116.5
5214117,-14.499999999999998,117.5
5214118,-14.499999999999998,118.5
5214119,-14.499999999999998,119.5
5214120,-14.499999999999998,120.5
5214121,-14.499999999999998,121.5
5214122,-14.499999999999998,122.5
5214123,-14.500022610598528,123.49999737713141
5214124,-14.498420601746034,124.49816644724987
5214125,-14.332844246644243,125.42959680350685
5214126,-14.129448263317624,126.32000723973442
5214127,-14.196318293303804,127.82431138263333
5214128,-14.414145211180122,128.5078689181947
5215040,-15.599945626649605,40.70779407070021
5215041,-15.499999999999998,41.5
5215042,-15.499999999999998,42.5
5215043,-15.499999999999998,43.5
5215044,-15.499999999999998,44.5
5215045,-15.461581479744716,45.4762915020661
5215046,-15.32855690379344,46.39249582878656
5215047,-15.221347329649667,47.13253169412192
5215049,-15.729673416554682,49.81778685209116
5215050,-15.534350933205205,50.67147792883229
5215051,-15.499999999999998,51.5
5215052,-15.499999999999998,52.5
5215053,-15.499999999999998,53.5
5215054,-15.499970643658507,54.49999847112573
5215055,-15.499999999999998,55.5
5215056,-15.499999999999998,56.5
5215057,-15.499999999999998,57.5
5215058,-15.499999999999998,58.5
5215059,-15.499999999999998,59.5
5215060,-15.499999999999998,60.5
5215061,-15.499999999999998,61.5
5215062,-15.499999999999998,62.5
5215063,-15.499999999999998,63.5
5215064,-15.499999999999998,64.5
5215065,-15.499999999999998,65.5
5215066,-15.499999999999998,66.5
5215067,-15.499999999999998,67.5
5215068,-15.499999999999998,68.5
5215069,-15.499999999999998,69.5
5215070,-15.499999999999998,70.5
5215071,-15.499999999999998,71.5
5215072,-15.499999999999998,72.5
5215073,-15.499999999999998,73.5
5215074,-15.499999999999998,74.5
5215075,-15.499999999999998,75.5
5215076,-15.499999999999998,76.5
5215077,-15.499999999999998,77.5
5215078,-15.499999999999998,78.5
5215079,-15.499999999999998,79.5
5215080,-15.499999999999998,80.5
5215081,-15.499999999999998,81.5
5215082,-15.499999999999998,82.5
5215083,-15.499999999999998,83.5
5215084,-15.499999999999998,84.5
5215085,-15.499999999999998,85.5
5215086,-15.499999999999998,86.5
5215087,-15.499999999999998,87.5
5215088,-15.499999999999998,88.5
5215089,-15.499999999999998,89.5
5215090,-15.499999999999998,90.5
5215091,-15.499999999999998,91.5
5215092,-15.499999999999998,92.5
5215093,-15.499999999999998,93.5
5215094,-15.499999999999998,94.5
5215095,-15.499999999999998,95.5
5215096,-15.499999999999998,96.5
5215097,-15.499999999999998,97.5
5215098,-15.499999999999998,98.5
5215099,-15.499999999999998,99.5
5215100,-15.499999999999998,100.5
5215101,-15.499999999999998,101.5
5215102,-15.499999999999998,102.5
5215103,-15.499999999999998,103.5
5215104,-15.499999999999998,104.5
5215105,-15.499999999999998,105.5
5215106,-15.499999999999998,106.5
5215107,-15.499999999999998,107.5
5215108,-15.499999999999998,108.5
5215109,-15.499999999999998,109.5
5215110,-15.499999999999998,110.5
5215111,-15.499999999999998,111.5
5215112,-15.499999999999998,112.5
5215113,-15.499999999999998,113.5
5215114,-15.499999999999998,114.5
5215115,-15.499999999999998,115.5
5215116,-15.499999999999998,116.5
5215117,-15.499999999999998,117.5
5215118,-15.499999999999998,118.5
5215119,-15.499999999999998,119.5
5215120,-15.499999999999998,120.5
5215121,-15.499999999999998,121.5
5215122,-15.499999999999998,122.5
5215123,-15.49987446709362,123.50003316947465
5215124,-15.419890073245178,124.34618595011027
5215125,-15.162066264140844,125.17666434894267
5215128,-15.180058609586633,128.1622659265538
5216039,-16.752793114952635,39.67588919389193
5216040,-16.506897525783977,40.507318494613344
5216041,-16.499999999999996,41.5
5216042,-16.499999999999996,42.5
5216043,-16.499999999999996,43.5
5216044,-16.38956516779479,44.317329800220506
5216045,-16.05048976959449,45.224467597528914
5216049,-16.51881056306313,49.86172404005385
5216050,-16.499911688018422,50.500189905667334
5216051,-16.499999999999996,51.5
5216052,-16.499999999999996,52.5
5216053,-16.499999999999996,53.5
5216054,-16.499999999999996,54.5
5216055,-16.499999999999996,55.5
5216056,-16.499999999999996,56.5
5216057,-16.499999999999996,57.5
5216058,-16.499999999999996,58.5
5216059,-16.499970582770793,59.499995715840825
5216060,-16.499999999999996,60.5
5216061,-16.499999999999996,61.5
5216062,-16.499999999999996,62.5
5216063,-16.499999999999996,63.5
5216064,-16.499999999999996,64.5
5216065,-16.499999999999996,65.5
5216066,-16.499999999999996,66.5
5216067,-16.499999999999996,67.5
5216068,-16.499999999999996,68.5
5216069,-16.499999999999996,69.5
5216070,-16.499999999999996,70.5
5216071,-16.499999999999996,71.5
5216072,-16.499999999999996,72.5
5216073,-16.499999999999996,73.5
5216074,-16.499999999999996,74.5
5216075,-16.499999999999996,75.5
5216076,-16.499999999999996,76.5
5216077,-16.499999999999996,77.5
5216078,-16.499999999999996,78.5
5216079,-16.499999999999996,79.5
5216080,-16.499999999999996,80.5
5216081,-16.499999999999996,81.5
5216082,-16.499999999999996,82.5
5216083,-16.499999999999996,83.5
5216084,-16.499999999999996,84.5
5216085,-16.499999999999996,85.5
5216086,-16.499999999999996,86.5
5216087,-16.499999999999996,87.5
5216088,-16.499999999999996,88.5
5216089,-16.499999999999996,89.5
5216090,-16.499999999999996,90.5
5216091,-16.499999999999996,91.5
5216092,-16.499999999999996,92.5
5216093,-16.499999999999996,93.5
5216094,-16.499999999999996,94.5
5216095,-16.499999999999996,95.5
5216096,-16.499999999999996,96.5
5216097,-16.499999999999996,97.5
5216098,-16.499999999999996,98.5
5216099,-16.499999999999996,99.5
5216100,-16.499999999999996,100.5
5216101,-16.499999999999996,101.5
5216102,-16.499999999999996,102.5
5216103,-16.499999999999996,103.5
5216104,-16.499999999999996,104.5
5216105,-16.499999999999996,105.5
5216106,-16.499999999999996,106.5
5216107,-16.499999999999996,107.5
5216108,-16.499999999999996,108.5
5216109,-16.499999999999996,109.5
5216110,-16.499999999999996,110.5
5216111,-16.499999999999996,111.5
5216112,-16.499999999999996,112.5
5216113,-16.499999999999996,113.5
5216114,-16.499999999999996,114.5
5216115,-16.499999999999996,115.5
5216116,-16.499999999999996,116.5
5216117,-16.499999999999996,117.5
5216118,-16.499999999999996,118.5
5216119,-16.499999999999996,119.5
5216120,-16.499999999999996,120.5
5216121,-16.499999999999996,121.5
5216122,-16.437481992983464,122.4342731128462
5216123,-16.45235763112957,123.4112120855226
5216124,-16.172656529755333,124.28265343415137
5217036,-17.986352028023834,36.944431378080665
5217037,-17.76069778199208,37.63235033175229
5217038,-17.5722836769281,38.5330936867281
5217039,-17.50025902586406,39.500246511916636
5217040,-17.499999999999996,40.5
5217041,-17.499999999999996,41.5
5217042,-17.500092228419213,42.49995058078699
5217043,-17.49935018200968,43.49316629162078
5217044,-17.216212764786476,44.06889575801709
5217049,-17.505772419063607,49.734625205333195
5217050,-17.499999999999996,50.5
5217051,-17.499999999999996,51.5
5217052,-17.499999999999996,52.5
5217053,-17.499999999999996,53.5
5217054,-17.499999999999996,54.5
5217055,-17.499999999999996,55.5
5217056,-17.499999999999996,56.5
5217057,-17.499999999999996,57.5
5217058,-17.499999999999996,58.5
5217059,-17.499999999999996,59.5
5217060,-17.499999999999996,60.5
5217061,-17.499999999999996,61.5
5217062,-17.499999999999996,62.5
5217063,-17.499999999999996,63.5
5217064,-17.499999999999996,64.5
5217065,-17.499999999999996,65.5
5217066,-17.499999999999996,66.5
5217067,-17.499999999999996,67.5
5217068,-17.499999999999996,68.5
5217069,-17.499999999999996,69.5
5217070,-17.499999999999996,70.5
5217071,-17.499999999999996,71.5
5217072,-17.499999999999996,72.5
5217073,-17.499999999999996,73.5
5217074,-17.499999999999996,74.5
5217075,-17.499999999999996,75.5
5217076,-17.499999999999996,76.5
5217077,-17.499999999999996,77.5
5217078,-17.499999999999996,78.5
5217079,-17.499999999999996,79.5
5217080,-17.499999999999996,80.5
5217081,-17.499999999999996,81.5
5217082,-17.499999999999996,82.5
5217083,-17.499999999999996,83.5
5217084,-17.499999999999996,84.5
5217085,-17.499999999999996,85.5
5217086,-17.499999999999996,86.5
5217087,-17.499999999999996,87.5
5217088,-17.499999999999996,88.5
5217089,-17.499999999999996,89.5
5217090,-17.499999999999996,90.5
5217091,-17.499999999999996,91.5
5217092,-17.499999999999996,92.5
5217093,-17.499999999999996,93.5
5217094,-17.499999999999996,94.5
5217095,-17.499999999999996,95.5
5217096,-17.499999999999996,96.5
5217097,-17.499999999999996,97.5
5217098,-17.499999999999996,98.5
5217099,-17.499999999999996,99.5
5217100,-17.499999999999996,100.5
5217101,-17.499999999999996,101.5
5217102,-17.499999999999996,102.5
5217103,-17.499999999999996,103.5
5217104,-17.499999999999996,104.5
5217105,-17.499999999999996,105.5
5217106,-17.499999999999996,106.5
5217107,-17.499999999999996,107.5
5217108,-17.499999999999996,108.5
5217109,-17.499999999999996,109.5
5217110,-17.499999999999996,110.5
5217111,-17.499999999999996,111.5
5217112,-17.499999999999996,112.5
5217113,-17.499999999999996,113.5
5217114,-17.499999999999996,114.5
5217115,-17.499999999999996,115.5
5217116,-17.499999999999996,116.5
5217117,-17.499999999999996,117.5
5217118,-17.499999999999996,118.5
5217119,-17.499999999999996,119.5
5217120,-17.499999999999996,120.5
5217121,-17.499999999999996,121.5
5217122,-17.48021833711617,122.10675946924555
5217123,-17.169597637087048,123.50923867024275
5218035,-18.973389704674716,35.95192860861397
5218036,-18.683694597903383,36.69484122348171
5218037,-18.499999999999996,37.5
5218038,-18.499999999999996,38.5
5218039,-18.499999999999996,39.5
5218040,-18.499999999999996,40.5
5218041,-18.499999999999996,41.5
5218042,-18.499999999999996,42.5
5218043,-18.499999999999996,43.5
5218044,-18.70154239634536,44.09534745302986
5218049,-18.540376029381132,49.634456067482375
5218050,-18.499999999999996,50.5
5218051,-18.499999999999996,51.5
5218052,-18.499999999999996,52.5
5218053,-18.499999999999996,53.5
5218054,-18.499999999999996,54.5
5218055,-18.499999999999996,55.5
5218056,-18.499999999999996,56.5
5218057,-18.499999999999996,57.5
5218058,-18.499999999999996,58.5
5218059,-18.499999999999996,59.5
5218060,-18.499999999999996,60.5
5218061,-18.499999999999996,61.5
5218062,-18.499999999999996,62.5
5218063,-18.499999999999996,63.5
5218064,-18.499999999999996,64.5
5218065,-18.499999999999996,65.5
5218066,-18.499999999999996,66.5
5218067,-18.499999999999996,67.5
5218068,-18.499999999999996,68.5
5218069,-18.499999999999996,69.5
5218070,-18.499999999999996,70.5
5218071,-18.499999999999996,71.5
5218072,-18.499999999999996,72.5
5218073,-18.499999999999996,73.5
5218074,-18.499999999999996,74.5
5218075,-18.499999999999996,75.5
5218076,-18.499999999999996,76.5
5218077,-18.499999999999996,77.5
5218078,-18.499999999999996,78.5
5218079,-18.499999999999996,79.5
5218080,-18.499999999999996,80.5
5218081,-18.499999999999996,81.5
5218082,-18.499999999999996,82.5
5218083,-18.499999999999996,83.5
5218084,-18.499999999999996,84.5
5218085,-18.499999999999996,85.5
5218086,-18.499999999999996,86.5
5218087,-18.499999999999996,87.5
5218088,-18.499999999999996,88.5
5218089,-18.499999999999996,89.5
5218090,-18.499999999999996,90.5
5218091,-18.499999999999996,91.5
5218092,-18.499999999999996,92.5
5218093,-18.499999999999996,93.5
5218094,-18.499999999999996,94.5
5218095,-18.499999999999996,95.5
5218096,-18.499999999999996,96.5
5218097,-18.499999999999996,97.5
5218098,-18.499999999999996,98.5
5218099,-18.499999999999996,99.5
5218100,-18.499999999999996,100.5
5218101,-18.499999999999996,101.5
5218102,-18.499999999999996,102.5
5218103,-18.499999999999996,103.5
5218104,-18.499999999999996,104.5
5218105,-18.499999999999996,105.5
5218106,-18.499999999999996,106.5
5218107,-18.499999999999996,107.5
5218108,-18.499999999999996,108.5
5218109,-18.499999999999996,109.5
5218110,-18.499999999999996,110.5
5218111,-18.499999999999996,111.5
5218112,-18.499999999999996,112.5
5218113,-18.499999999999996,113.5
5218114,-18.499999999999996,114.5
5218115,-18.499999999999996,115.5
5218116,-18.499999999999996,116.5
5218117,-18.499999999999996,117.5
5218118,-18.499999999999996,118.5
5218119,-18.499999999999996,119.5
5218120,-18.499999999999996,120.5
5218121,-18.444197549729704,121.42982279178456
5218122,-18.1366530771755,122.14760182084096
5219034,-19.889510057145674,34.86095583175915
5219035,-19.619678948705335,35.61889068003131
5219036,-19.499999999999996,36.5
5219037,-19.499999999999996,37.5
5219038,-19.499999999999996,38.5
5219039,-19.499999999999996,39.5
5219040,-19.499999999999996,40.5
5219041,-19.499999999999996,41.5
5219042,-19.499999999999996,42.5
5219043,-19.499999999999996,43.5
5219044,-19.54790376595613,44.20446831344835
5219048,-19.74294793884717,48.92331969429747
5219049,-19.50453288010887,49.50500774813193
5219050,-19.499999999999996,50.5
5219051,-19.499999999999996,51.5
5219052,-19.499999999999996,52.5
5219053,-19.499999999999996,53.5
5219054,-19.499999999999996,54.5
5219055,-19.499999999999996,55.5
5219056,-19.499999999999996,56.5
5219057,-19.49972566248441,57.49993946333517
5219058,-19.499999999999996,58.5
5219059,-19.499999999999996,59.5
5219060,-19.499999999999996,60.5
5219061,-19.499999999999996,61.5
5219062,-19.499999999999996,62.5
5219063,-19.497945162286538,63.500779537811994
5219064,-19.499999999999996,64.5
5219065,-19.499999999999996,65.5
5219066,-19.499999999999996,66.5
5219067,-19.499999999999996,67.5
5219068,-19.499999999999996,68.5
5219069,-19.499999999999996,69.5
5219070,-19.499999999999996,70.5
5219071,-19.499999999999996,71.5
5219072,-19.499999999999996,72.5
5219073,-19.499999999999996,73.5
5219074,-19.499999999999996,74.5
5219075,-19.499999999999996,75.5
5219076,-19.499999999999996,76.5
5219077,-19.499999999999996,77.5
5219078,-19.499999999999996,78.5
5219079,-19.499999999999996,79.5
5219080,-19.499999999999996,80.5
5219081,-19.499999999999996,81.5
5219082,-19.499999999999996,82.5
5219083,-19.499999999999996,83.5
5219084,-19.499999999999996,84.5
5219085,-19.499999999999996,85.5
5219086,-19.499999999999996,86.5
5219087,-19.499999999999996,87.5
5219088,-19.499999999999996,88.5
5219089,-19.499999999999996,89.5
5219090,-19.499999999999996,90.5
5219091,-19.499999999999996,91.5
5219092,-19.499999999999996,92.5
5219093,-19.499999999999996,93.5
5219094,-19.499999999999996,94.5
5219095,-19.499999999999996,95.5
5219096,-19.499999999999996,96.5
5219097,-19.499999999999996,97.5
5219098,-19.499999999999996,98.5
5219099,-19.499999999999996,99.5
5219100,-19.499999999999996,100.5
5219101,-19.499999999999996,101.5
5219102,-19.499999999999996,102.5
5219103,-19.499999999999996,103.5
5219104,-19.499999999999996,104.5
5219105,-19.499999999999996,105.5
5219106,-19.499999999999996,106.5
5219107,-19.499999999999996,107.5
5219108,-19.499999999999996,108.5
5219109,-19.499999999999996,109.5
5219110,-19.499999999999996,110.5
5219111,-19.499999999999996,111.5
5219112,-19.499999999999996,112.5
5219113,-19.499999999999996,113.5
5219114,-19.499999999999996,114.5
5219115,-19.499999999999996,115.5
5219116,-19.499999999999996,116.5
5219117,-19.499999999999996,117.5
5219118,-19.499975091912088,118.49997492878413
5219119,-19.49005377267655,119.49830934685043
5219120,-19.40747003320693,120.4643565917778
5219121,-19.222455092531714,121.20175854641694
5220034,-20.329570375215358,34.8700493404062
5220035,-20.493859706654444,35.50659555427964
5220036,-20.499999999999996,36.5
5220037,-20.499999999999996,37.5
5220038,-20.499999999999996,38.5
5220039,-20.499999999999996,39.5
5220040,-20.499999999999996,40.5
5220041,-20.499999999999996,41.5
5220042,-20.499999999999996,42.5
5220043,-20.490521137177954,43.48935434994711
5220044,-20.247015099547337,44.1559105962259
5220048,-20.569707715673577,48.78110191492998
5220049,-20.499999999999996,49.5
5220050,-20.499999999999996,50.5
5220051,-20.499999999999996,51.5
5220052,-20.499999999999996,52.5
5220053,-20.499999999999996,53.5
5220054,-20.499999999999996,54.5
5220055,-20.478197264660082,55.50029767573028
5220056,-20.499999999999996,56.5
5220057,-20.54114591383832,57.48691834230971
5220058,-20.499999999999996,58.5
5220059,-20.499999999999996,59.5
5220060,-20.499999999999996,60.5
5220061,-20.499999999999996,61.5
5220062,-20.499999999999996,62.5
5220063,-20.499999999999996,63.5
5220064,-20.499999999999996,64.5
5220065,-20.499999999999996,65.5
5220066,-20.499999999999996,66.5
5220067,-20.499999999999996,67.5
5220068,-20.499999999999996,68.5
5220069,-20.499999999999996,69.5
5220070,-20.499999999999996,70.5
5220071,-20.499999999999996,71.5
5220072,-20.499999999999996,72.5
5220073,-20.499999999999996,73.5
5220074,-20.499999999999996,74.5
5220075,-20.499999999999996,75.5
5220076,-20.499999999999996,76.5
5220077,-20.499999999999996,77.5
5220078,-20.499999999999996,78.5
5220079,-20.499999999999996,79.5
5220080,-20.499999999999996,80.5
5220081,-20.499999999999996,81.5
5220082,-20.499999999999996,82.5
5220083,-20.499999999999996,83.5
5220084,-20.499999999999996,84.5
5220085,-20.499999999999996,85.5
5220086,-20.499999999999996,86.5
5220087,-20.499999999999996,87.5
5220088,-20.499999999999996,88.5
5220089,-20.499999999999996,89.5
5220090,-20.499999999999996,90.5
5220091,-20.499999999999996,91.5
5220092,-20.499999999999996,92.5
5220093,-20.499999999999996,93.5
5220094,-20.499999999999996,94.5
5220095,-20.499999999999996,95.5
5220096,-20.499999999999996,96.5
5220097,-20.499999999999996,97.5
5220098,-20.499999999999996,98.5
5220099,-20.499999999999996,99.5
5220100,-20.499999999999996,100.5
5220101,-20.499999999999996,101.5
5220102,-20.499999999999996,102.5
5220103,-20.499999999999996,103.5
5220104,-20.499999999999996,104.5
5220105,-20.499999999999996,105.5
5220106,-20.499999999999996,106.5
5220107,-20.499999999999996,107.5
5220108,-20.499999999999996,108.5
5220109,-20.499999999999996,109.5
5220110,-20.499999999999996,110.5
5220111,-20.499999999999996,111.5
5220112,-20.499999999999996,112.5
5220113,-20.499999999999996,113.5
5220114,-20.499999999999996,114.5
5220115,-20.493516302318344,115.50195750059225
5220116,-20.4015835678257,116.45333042975268
5220117,-20.330328261245217,117.4853687742086
5220118,-20.166757410532185,118.42906311435246
5220119,-20.025255106835612,119.54509583382541
5221035,-21.464461288138324,35.59114851922777
5221036,-21.499999999999996,36.5
5221037,-21.499999999999996,37.5
5221038,-21.499999999999996,38.5
5221039,-21.499999999999996,39.5
5221040,-21.499999999999996,40.5
5221041,-21.499999999999996,41.5
5221042,-21.499999999999996,42.5
5221043,-21.3967167237882,43.304988006240606
5221048,-21.53926749309457,48.630179574650995
5221049,-21.499999999999996,49.5
5221050,-21.499999999999996,50.5
5221051,-21.499999999999996,51.5
5221052,-21.499999999999996,52.5
5221053,-21.499999999999996,53.5
5221054,-21.499999999999996,54.5
5221055,-21.569661004750028,55.48891746871934
5221056,-21.499999999999996,56.5
5221057,-21.499999999999996,57.5
5221058,-21.499999999999996,58.5
5221059,-21.499999999999996,59.5
5221060,-21.499999999999996,60.5
5221061,-21.499999999999996,61.5
5221062,-21.499999999999996,62.5
5221063,-21.499999999999996,63.5
5221064,-21.499999999999996,64.5
5221065,-21.499999999999996,65.5
5221066,-21.499999999999996,66.5
5221067,-21.499999999999996,67.5
5221068,-21.499999999999996,68.5
5221069,-21.499999999999996,69.5
5221070,-21.499999999999996,70.5
5221071,-21.499999999999996,71.5
5221072,-21.499999999999996,72.5
5221073,-21.499999999999996,73.5
5221074,-21.499999999999996,74.5
5221075,-21.499999999999996,75.5
5221076,-21.499999999999996,76.5
5221077,-21.499999999999996,77.5
5221078,-21.499999999999996,78.5
5221079,-21.499999999999996,79.5
5221080,-21.499999999999996,80.5
5221081,-21.499999999999996,81.5
5221082,-21.499999999999996,82.5
5221083,-21.499999999999996,83.5
5221084,-21.499999999999996,84.5
5221085,-21.499999999999996,85.5
5221086,-21.499999999999996,86.5
5221087,-21.499999999999996,87.5
5221088,-21.499999999999996,88.5
5221089,-21.499999999999996,89.5
5221090,-21.499999999999996,90.5
5221091,-21.499999999999996,91.5
5221092,-21.499999999999996,92.5
5221093,-21.499999999999996,93.5
5221094,-21.499999999999996,94.5
5221095,-21.499999999999996,95.5
5221096,-21.499999999999996,96.5
5221097,-21.499999999999996,97.5
5221098,-21.499999999999996,98.5
5221099,-21.499999999999996,99.5
5221100,-21.499999999999996,100.5
5221101,-21.499999999999996,101.5
5221102,-21.499999999999996,102.5
5221103,-21.499999999999996,103.5
5221104,-21.499999999999996,104.5
5221105,-21.499999999999996,105.5
5221106,-21.499999999999996,106.5
5221107,-21.499999999999996,107.5
5221108,-21.499999999999996,108.5
5221109,-21.499999999999996,109.5
5221110,-21.499999999999996,110.5
5221111,-21.499999999999996,111.5
5221112,-21.499999999999996,112.5
5221113,-21.497645684122386,113.49756711751304
5221114,-21.447907481313745,114.47768646974863
5221115,-21.255270841004002,115.3638518305517
5221116,-21.01104990455861,116.0293944629212
5222035,-22.472301436826758,35.74392664958636
5222036,-22.499999999999996,36.5
5222037,-22.499999999999996,37.5
5222038,-22.499999999999996,38.5
5222039,-22.499999999999996,39.5
5222040,-22.50029662197765,40.50026982329151
5222041,-22.499999999999996,41.5
5222042,-22.499999999999996,42.5
5222043,-22.553637919675065,43.159767434733425
5222047,-22.705787973727944,47.93089028584987
5222048,-22.50404331023599,48.50442351676336
5222049,-22.499999999999996,49.5
5222050,-22.499999999999996,50.5
5222051,-22.499999999999996,51.5
5222052,-22.499999999999996,52.5
5222053,-22.499999999999996,53.5
5222054,-22.499999999999996,54.5
5222055,-22.499999999999996,55.5
5222056,-22.499999999999996,56.5
5222057,-22.499999999999996,57.5
5222058,-22.499999999999996,58.5
5222059,-22.499999999999996,59.5
5222060,-22.499999999999996,60.5
5222061,-22.499999999999996,61.5
5222062,-22.499999999999996,62.5
5222063,-22.499999999999996,63.5
5222064,-22.499999999999996,64.5
5222065,-22.499999999999996,65.5
5222066,-22.499999999999996,66.5
5222067,-22.499999999999996,67.5
5222068,-22.499999999999996,68.5
5222069,-22.499999999999996,69.5
5222070,-22.499999999999996,70.5
5222071,-22.499999999999996,71.5
5222072,-22.499999999999996,72.5
5222073,-22.499999999999996,73.5
5222074,-22.499999999999996,74.5
5222075,-22.499999999999996,75.5
5222076,-22.499999999999996,76.5
5222077,-22.499999999999996,77.5
5222078,-22.499999999999996,78.5
5222079,-22.499999999999996,79.5
5222080,-22.499999999999996,80.5
5222081,-22.499999999999996,81.5
5222082,-22.499999999999996,82.5
5222083,-22.499999999999996,83.5
5222084,-22.499999999999996,84.5
5222085,-22.499999999999996,85.5
5222086,-22.499999999999996,86.5
5222087,-22.499999999999996,87.5
5222088,-22.499999999999996,88.5
5222089,-22.499999999999996,89.5
5222090,-22.499999999999996,90.5
5222091,-22.499999999999996,91.5
5222092,-22.499999999999996,92.5
5222093,-22.499999999999996,93.5
5222094,-22.499999999999996,94.5
5222095,-22.499999999999996,95.5
5222096,-22.499999999999996,96.5
5222097,-22.499999999999996,97.5
5222098,-22.499999999999996,98.5
5222099,-22.499999999999996,99.5
5222100,-22.499999999999996,100.5
5222101,-22.499999999999996,101.5
5222102,-22.499999999999996,102.5
5222103,-22.499999999999996,103.5
5222104,-22.499999999999996,104.5
5222105,-22.499999999999996,105.5
5222106,-22.499999999999996,106.5
5222107,-22.499999999999996,107.5
5222108,-22.499999999999996,108.5
5222109,-22.499999999999996,109.5
5222110,-22.499999999999996,110.5
5222111,-22.499999999999996,111.5
5222112,-22.499999999999996,112.5
5222113,-22.48422511162186,113.3922926780656
5222114,-22.2062688056134,114.28637243410851
5223035,-23.51091738410159,35.72915189760731
5223036,-23.499999999999996,36.5
5223037,-23.499999999999996,37.5
5223038,-23.499999999999996,38.5
5223039,-23.499999999999996,39.5
5223040,-23.499999999999996,40.5
5223041,-23.499999999999996,41.5
5223042,-23.499999999999996,42.5
5223043,-23.512056798784418,43.329615992987456
5223047,-23.568664162558164,47.81866082064514
5223048,-23.499999999999996,48.5
5223049,-23.499999999999996,49.5
5223050,-23.499999999999996,50.5
5223051,-23.499999999999996,51.5
5223052,-23.499999999999996,52.5
5223053,-23.499999999999996,53.5
5223054,-23.499999999999996,54.5
5223055,-23.499999999999996,55.5
5223056,-23.499999999999996,56.5
5223057,-23.499999999999996,57.5
5223058,-23.499999999999996,58.5
5223059,-23.499999999999996,59.5
5223060,-23.499999999999996,60.5
5223061,-23.499999999999996,61.5
5223062,-23.499999999999996,62.5
5223063,-23.499999999999996,63.5
5223064,-23.499999999999996,64.5
5223065,-23.499999999999996,65.5
5223066,-23.499999999999996,66.5
5223067,-23.499999999999996,67.5
5223068,-23.499999999999996,68.5
5223069,-23.499999999999996,69.5
5223070,-23.499999999999996,70.5
5223071,-23.499999999999996,71.5
5223072,-23.499999999999996,72.5
5223073,-23.499999999999996,73.5
5223074,-23.499999999999996,74.5
5223075,-23.499999999999996,75.5
5223076,-23.499999999999996,76.5
5223077,-23.499999999999996,77.5
5223078,-23.499999999999996,78.5
5223079,-23.499999999999996,79.5
5223080,-23.499999999999996,80.5
5223081,-23.499999999999996,81.5
5223082,-23.499999999999996,82.5
5223083,-23.499999999999996,83.5
5223084,-23.499999999999996,84.5
5223085,-23.499999999999996,85.5
5223086,-23.499999999999996,86.5
5223087,-23.499999999999996,87.5
5223088,-23.499999999999996,88.5
5223089,-23.499999999999996,89.5
5223090,-23.499999999999996,90.5
5223091,-23.499999999999996,91.5
5223092,-23.499999999999996,92.5
5223093,-23.499999999999996,93.5
5223094,-23.499999999999996,94.5
5223095,-23.499999999999996,95.5
5223096,-23.499999999999996,96.5
5223097,-23.499999999999996,97.5
5223098,-23.499999999999996,98.5
5223099,-23.499999999999996,99.5
5223100,-23.499999999999996,100.5
5223101,-23.499999999999996,101.5
5223102,-23.499999999999996,102.5
5223103,-23.499999999999996,103.5
5223104,-23.499999999999996,104.5
5223105,-23.499999999999996,105.5
5223106,-23.499999999999996,106.5
5223107,-23.499999999999996,107.5
5223108,-23.499999999999996,108.5
5223109,-23.499999999999996,109.5
5223110,-23.499999999999996,110.5
5223111,-23.499999999999996,111.5
5223112,-23.499999999999996,112.5
5223113,-23.448835098670457,113.34667840833215
5224034,-24.89417470663093,34.694979447786025
5224035,-24.5703497174439,35.58577824646081
5224036,-24.499999999999996,36.5
5224037,-24.499999999999996,37.5
5224038,-24.499999999999996,38.5
5224039,-24.499999999999996,39.5
5224040,-24.499999999999996,40.5
5224041,-24.499999999999996,41.5
5224042,-24.499999999999996,42.5
5224043,-24.545626120441362,43.41850641490711
5224044,-24.940323231148202,44.012653073256345
5224047,-24.54611111653861,47.63305943950904
5224048,-24.499999999999996,48.5
5224049,-24.499999999999996,49.5
5224050,-24.499999999999996,50.5
5224051,-24.499999999999996,51.5
5224052,-24.499999999999996,52.5
5224053,-24.499999999999996,53.5
5224054,-24.499999999999996,54.5
5224055,-24.499999999999996,55.5
5224056,-24.499999999999996,56.5
5224057,-24.499999999999996,57.5
5224058,-24.499999999999996,58.5
5224059,-24.499999999999996,59.5
5224060,-24.499999999999996,60.5
5224061,-24.499999999999996,61.5
5224062,-24.499999999999996,62.5
5224063,-24.499999999999996,63.5
5224064,-24.499999999999996,64.5
5224065,-24.499999999999996,65.5
5224066,-24.499999999999996,66.5
5224067,-24.499999999999996,67.5
5224068,-24.499999999999996,68.5
5224069,-24.499999999999996,69.5
5224070,-24.499999999999996,70.5
5224071,-24.499999999999996,71.5
5224072,-24.499999999999996,72.5
5224073,-24.499999999999996,73.5
5224074,-24.499999999999996,74.5
5224075,-24.499999999999996,75.5
5224076,-24.499999999999996,76.5
5224077,-24.499999999999996,77.5
5224078,-24.499999999999996,78.5
5224079,-24.499999999999996,79.5
5224080,-24.499999999999996,80.5
5224081,-24.499999999999996,81.5
5224082,-24.499999999999996,82.5
5224083,-24.499999999999996,83.5
5224084,-24.499999999999996,84.5
5224085,-24.499999999999996,85.5
5224086,-24.499999999999996,86.5
5224087,-24.499999999999996,87.5
5224088,-24.499999999999996,88.5
5224089,-24.499999999999996,89.5
5224090,-24.499999999999996,90.5
5224091,-24.499999999999996,91.5
5224092,-24.499999999999996,92.5
5224093,-24.499999999999996,93.5
5224094,-24.499999999999996,94.5
5224095,-24.499999999999996,95.5
5224096,-24.499999999999996,96.5
5224097,-24.499999999999996,97.5
5224098,-24.499999999999996,98.5
5224099,-24.499999999999996,99.5
5224100,-24.499999999999996,100.5
5224101,-24.499999999999996,101.5
5224102,-24.499999999999996,102.5
5224103,-24.499999999999996,103.5
5224104,-24.499999999999996,104.5
5224105,-24.499999999999996,105.5
5224106,-24.499999999999996,106.5
5224107,-24.499999999999996,107.5
5224108,-24.499999999999996,108.5
5224109,-24.499999999999996,109.5
5224110,-24.499999999999996,110.5
5224111,-24.499999999999996,111.5
5224112,-24.499999999999996,112.5
5224113,-24.547798035635047,113.25203505681279
5225032,-25.795922849474515,32.86174997349838
5225033,-25.601580809949816,33.54586938879924
5225034,-25.50056239551608,34.500543219359585
5225035,-25.499999999999996,35.5
5225036,-25.499999999999996,36.5
5225037,-25.499999999999996,37.5
5225038,-25.499999999999996,38.5
5225039,-25.499999999999996,39.5
5225040,-25.499999999999996,40.5
5225041,-25.499999999999996,41.5
5225042,-25.499999999999996,42.5
5225043,-25.499999999999996,43.5
5225044,-25.611341603719485,44.451216917378716
5225045,-25.747466964196235,45.54076724459798
5225046,-25.587194064209413,46.5201488160549
5225047,-25.500043154381675,47.50004518501523
5225048,-25.499999999999996,48.5
5225049,-25.499999999999996,49.5
5225050,-25.499999999999996,50.5
5225051,-25.499999999999996,51.5
5225052,-25.499999999999996,52.5
5225053,-25.499999999999996,53.5
5225054,-25.499999999999996,54.5
5225055,-25.499999999999996,55.5
5225056,-25.499999999999996,56.5
5225057,-25.499999999999996,57.5
5225058,-25.499999999999996,58.5
5225059,-25.499999999999996,59.5
5225060,-25.499999999999996,60.5
5225061,-25.499999999999996,61.5
5225062,-25.499999999999996,62.5
5225063,-25.499999999999996,63.5
5225064,-25.499999999999996,64.5
5225065,-25.499999999999996,65.5
5225066,-25.499999999999996,66.5
5225067,-25.499999999999996,67.5
5225068,-25.499999999999996,68.5
5225069,-25.499999999999996,69.5
5225070,-25.499999999999996,70.5
5225071,-25.499999999999996,71.5
5225072,-25.499999999999996,72.5
5225073,-25.499999999999996,73.5
5225074,-25.499999999999996,74.5
5225075,-25.499999999999996,75.5
5225076,-25.499999999999996,76.5
5225077,-25.499999999999996,77.5
5225078,-25.499999999999996,78.5
5225079,-25.499999999999996,79.5
5225080,-25.499999999999996,80.5
5225081,-25.499999999999996,81.5
5225082,-25.499999999999996,82.5
5225083,-25.499999999999996,83.5
5225084,-25.499999999999996,84.5
5225085,-25.499999999999996,85.5
5225086,-25.499999999999996,86.5
5225087,-25.499999999999996,87.5
5225088,-25.499999999999996,88.5
5225089,-25.499999999999996,89.5
5225090,-25.499999999999996,90.5
5225091,-25.499999999999996,91.5
5225092,-25.499999999999996,92.5
5225093,-25.499999999999996,93.5
5225094,-25.499999999999996,94.5
5225095,-25.499999999999996,95.5
5225096,-25.499999999999996,96.5
5225097,-25.499999999999996,97.5
5225098,-25.499999999999996,98.5
5225099,-25.499999999999996,99.5
5225100,-25.499999999999996,100.5
5225101,-25.499999999999996,101.5
5225102,-25.499999999999996,102.5
5225103,-25.499999999999996,103.5
5225104,-25.499999999999996,104.5
5225105,-25.499999999999996,105.5
5225106,-25.499999999999996,106.5
5225107,-25.499999999999996,107.5
5225108,-25.499999999999996,108.5
5225109,-25.499999999999996,109.5
5225110,-25.499999999999996,110.5
5225111,-25.499999999999996,111.5
5225112,-25.49712415302199,112.49061403277916
5225113,-25.492628832687828,113.46048964338333
5225114,-25.85170255027773,114.10227933468317
5226032,-26.392726275644566,32.88651853249621
5226033,-26.499999999999996,33.5
5226034,-26.499999999999996,34.5
5226035,-26.499999999999996,35.5
5226036,-26.499999999999996,36.5
5226037,-26.499999999999996,37.5
5226038,-26.499999999999996,38.5
5226039,-26.499999999999996,39.5
5226040,-26.499999999999996,40.5
5226041,-26.499999999999996,41.5
5226042,-26.499999999999996,42.5
5226043,-26.499999999999996,43.5
5226044,-26.499999999999996,44.5
5226045,-26.499999999999996,45.5
5226046,-26.499999999999996,46.5
5226047,-26.499999999999996,47.5
5226048,-26.499999999999996,48.5
5226049,-26.499999999999996,49.5
5226050,-26.499999999999996,50.5
5226051,-26.499999999999996,51.5
5226052,-26.499999999999996,52.5
5226053,-26.499999999999996,53.5
5226054,-26.499999999999996,54.5
5226055,-26.499999999999996,55.5
5226056,-26.499999999999996,56.5
5226057,-26.499999999999996,57.5
5226058,-26.499999999999996,58.5
5226059,-26.499999999999996,59.5
5226060,-26.499999999999996,60.5
5226061,-26.499999999999996,61.5
5226062,-26.499999999999996,62.5
5226063,-26.499999999999996,63.5
5226064,-26.499999999999996,64.5
5226065,-26.499999999999996,65.5
5226066,-26.499999999999996,66.5
5226067,-26.499999999999996,67.5
5226068,-26.499999999999996,68.5
5226069,-26.499999999999996,69.5
5226070,-26.499999999999996,70.5
5226071,-26.499999999999996,71.5
5226072,-26.499999999999996,72.5
5226073,-26.499999999999996,73.5
5226074,-26.499999999999996,74.5
5226075,-26.499999999999996,75.5
5226076,-26.499999999999996,76.5
5226077,-26.499999999999996,77.5
5226078,-26.499999999999996,78.5
5226079,-26.499999999999996,79.5
5226080,-26.499999999999996,80.5
5226081,-26.499999999999996,81.5
5226082,-26.499999999999996,82.5
5226083,-26.499999999999996,83.5
5226084,-26.499999999999996,84.5
5226085,-26.499999999999996,85.5
5226086,-26.499999999999996,86.5
5226087,-26.499999999999996,87.5
5226088,-26.499999999999996,88.5
5226089,-26.499999999999996,89.5
5226090,-26.499999999999996,90.5
5226091,-26.499999999999996,91.5
5226092,-26.499999999999996,92.5
5226093,-26.499999999999996,93.5
5226094,-26.499999999999996,94.5
5226095,-26.499999999999996,95.5
5226096,-26.499999999999996,96.5
5226097,-26.499999999999996,97.5
5226098,-26.499999999999996,98.5
5226099,-26.499999999999996,99.5
5226100,-26.499999999999996,100.5
5226101,-26.499999999999996,101.5
5226102,-26.499999999999996,102.5
5226103,-26.499999999999996,103.5
5226104,-26.499999999999996,104.5
5226105,-26.499999999999996,105.5
5226106,-26.499999999999996,106.5
5226107,-26.499999999999996,107.5
5226108,-26.499999999999996,108.5
5226109,-26.499999999999996,109.5
5226110,-26.499999999999996,110.5
5226111,-26.499999999999996,111.5
5226112,-26.499999999999996,112.5
5226113,-26.507247960907534,113.40531803575736
5226114,-26.21123446992419,114.09571858682541
5227032,-27.588565169589746,32.84031714853308
5227033,-27.499999999999996,33.5
5227034,-27.499999999999996,34.5
5227035,-27.499999999999996,35.5
5227036,-27.499999999999996,36.5
5227037,-27.499999999999996,37.5
5227038,-27.499999999999996,38.5
5227039,-27.499999999999996,39.5
5227040,-27.499999999999996,40.5
5227041,-27.499999999999996,41.5
5227042,-27.499999999999996,42.5
5227043,-27.499999999999996,43.5
5227044,-27.499999999999996,44.5
5227045,-27.499999999999996,45.5
5227046,-27.499999999999996,46.5
5227047,-27.499999999999996,47.5
5227048,-27.499999999999996,48.5
5227049,-27.499999999999996,49.5
5227050,-27.499999999999996,50.5
5227051,-27.499999999999996,51.5
5227052,-27.499999999999996,52.5
5227053,-27.499999999999996,53.5
5227054,-27.499999999999996,54.5
5227055,-27.499999999999996,55.5
5227056,-27.499999999999996,56.5
5227057,-27.499999999999996,57.5
5227058,-27.499999999999996,58.5
5227059,-27.499999999999996,59.5
5227060,-27.499999999999996,60.5
5227061,-27.499999999999996,61.5
5227062,-27.499999999999996,62.5
5227063,-27.499999999999996,63.5
5227064,-27.499999999999996,64.5
5227065,-27.499999999999996,65.5
5227066,-27.499999999999996,66.5
5227067,-27.499999999999996,67.5
5227068,-27.499999999999996,68.5
5227069,-27.499999999999996,69.5
5227070,-27.499999999999996,70.5
5227071,-27.499999999999996,71.5
5227072,-27.499999999999996,72.5
5227073,-27.499999999999996,73.5
5227074,-27.499999999999996,74.5
5227075,-27.499999999999996,75.5
5227076,-27.499999999999996,76.5
5227077,-27.499999999999996,77.5
5227078,-27.499999999999996,78.5
5227079,-27.499999999999996,79.5
5227080,-27.499999999999996,80.5
5227081,-27.499999999999996,81.5
5227082,-27.499999999999996,82.5
5227083,-27.499999999999996,83.5
5227084,-27.499999999999996,84.5
5227085,-27.499999999999996,85.5
5227086,-27.499999999999996,86.5
5227087,-27.499999999999996,87.5
5227088,-27.499999999999996,88.5
5227089,-27.499999999999996,89.5
5227090,-27.499999999999996,90.5
5227091,-27.499999999999996,91.5
5227092,-27.499999999999996,92.5
5227093,-27.499999999999996,93.5
5227094,-27.499999999999996,94.5
5227095,-27.499999999999996,95.5
5227096,-27.499999999999996,96.5
5227097,-27.499999999999996,97.5
5227098,-27.499999999999996,98.5
5227099,-27.499999999999996,99.5
5227100,-27.499999999999996,100.5
5227101,-27.499999999999996,101.5
5227102,-27.499999999999996,102.5
5227103,-27.499999999999996,103.5
5227104,-27.499999999999996,104.5
5227105,-27.499999999999996,105.5
5227106,-27.499999999999996,106.5
5227107,-27.499999999999996,107.5
5227108,-27.499999999999996,108.5
5227109,-27.499999999999996,109.5
5227110,-27.499999999999996,110.5
5227111,-27.499999999999996,111.5
5227112,-27.499999999999996,112.5
5227113,-27.5117505465857,113.4870461495999
5227114,-27.7062360707697,114.05461653230003
5228031,-28.960888445180498,31.899139957818605
5228032,-28.58437402604816,32.6392672816333
5228033,-28.499999999999996,33.5
5228034,-28.499999999999996,34.5
5228035,-28.499999999999996,35.5
5228036,-28.499999999999996,36.5
5228037,-28.499999999999996,37.5
5228038,-28.499999999999996,38.5
5228039,-28.499999999999996,39.5
5228040,-28.499999999999996,40.5
5228041,-28.499999999999996,41.5
5228042,-28.499999999999996,42.5
5228043,-28.499999999999996,43.5
5228044,-28.499999999999996,44.5
5228045,-28.499999999999996,45.5
5228046,-28.499999999999996,46.5
5228047,-28.499999999999996,47.5
5228048,-28.499999999999996,48.5
5228049,-28.499999999999996,49.5
5228050,-28.499999999999996,50.5
5228051,-28.499999999999996,51.5
5228052,-28.499999999999996,52.5
5228053,-28.499999999999996,53.5
5228054,-28.499999999999996,54.5
5228055,-28.499999999999996,55.5
5228056,-28.499999999999996,56.5
5228057,-28.499999999999996,57.5
5228058,-28.499999999999996,58.5
5228059,-28.499999999999996,59.5
5228060,-28.499999999999996,60.5
5228061,-28.499999999999996,61.5
5228062,-28.499999999999996,62.5
5228063,-28.499999999999996,63.5
5228064,-28.499999999999996,64.5
5228065,-28.499999999999996,65.5
5228066,-28.499999999999996,66.5
5228067,-28.499999999999996,67.5
5228068,-28.499999999999996,68.5
5228069,-28.499999999999996,69.5
5228070,-28.499999999999996,70.5
5228071,-28.499999999999996,71.5
5228072,-28.499999999999996,72.5
5228073,-28.499999999999996,73.5
5228074,-28.499999999999996,74.5
5228075,-28.499999999999996,75.5
5228076,-28.499999999999996,76.5
5228077,-28.499999999999996,77.5
5228078,-28.499999999999996,78.5
5228079,-28.499999999999996,79.5
5228080,-28.499999999999996,80.5
5228081,-28.499999999999996,81.5
5228082,-28.499999999999996,82.5
5228083,-28.499999999999996,83.5
5228084,-28.499999999999996,84.5
5228085,-28.499999999999996,85.5
5228086,-28.499999999999996,86.5
5228087,-28.499999999999996,87.5
5228088,-28.499999999999996,88.5
5228089,-28.499999999999996,89.5
5228090,-28.499999999999996,90.5
5228091,-28.499999999999996,91.5
5228092,-28.499999999999996,92.5
5228093,-28.499999999999996,93.5
5228094,-28.499999999999996,94.5
5228095,-28.499999999999996,95.5
5228096,-28.499999999999996,96.5
5228097,-28.499999999999996,97.5
5228098,-28.499999999999996,98.5
5228099,-28.499999999999996,99.5
5228100,-28.499999999999996,100.5
5228101,-28.499999999999996,101.5
5228102,-28.499999999999996,102.5
5228103,-28.499999999999996,103.5
5228104,-28.499999999999996,104.5
5228105,-28.499999999999996,105.5
5228106,-28.499999999999996,106.5
5228107,-28.499999999999996,107.5
5228108,-28.499999999999996,108.5
5228109,-28.499999999999996,109.5
5228110,-28.499999999999996,110.5
5228111,-28.499999999999996,111.5
5228112,-28.499999999999996,112.5
5228113,-28.499835181088653,113.4995217638903
5228114,-28.610016915237253,114.26188013160633
5229030,-29.985774339412306,30.982570548580807
5229031,-29.589169055685712,31.608825159297705
5229032,-29.499999999999996,32.5
5229033,-29.499999999999996,33.5
5229034,-29.499999999999996,34.5
5229035,-29.499999999999996,35.5
5229036,-29.499999999999996,36.5
5229037,-29.499999999999996,37.5
5229038,-29.499999999999996,38.5
5229039,-29.499999999999996,39.5
5229040,-29.499999999999996,40.5
5229041,-29.499999999999996,41.5
5229042,-29.499999999999996,42.5
5229043,-29.499999999999996,43.5
5229044,-29.499999999999996,44.5
5229045,-29.499999999999996,45.5
5229046,-29.499999999999996,46.5
5229047,-29.499999999999996,47.5
5229048,-29.499999999999996,48.5
5229049,-29.499999999999996,49.5
5229050,-29.499999999999996,50.5
5229051,-29.499999999999996,51.5
5229052,-29.499999999999996,52.5
5229053,-29.499999999999996,53.5
5229054,-29.499999999999996,54.5
5229055,-29.499999999999996,55.5
5229056,-29.499999999999996,56.5
5229057,-29.499999999999996,57.5
5229058,-29.499999999999996,58.5
5229059,-29.499999999999996,59.5
5229060,-29.499999999999996,60.5
5229061,-29.499999999999996,61.5
5229062,-29.499999999999996,62.5
5229063,-29.499999999999996,63.5
5229064,-29.499999999999996,64.5
5229065,-29.499999999999996,65.5
5229066,-29.499999999999996,66.5
5229067,-29.499999999999996,67.5
5229068,-29.499999999999996,68.5
5229069,-29.499999999999996,69.5
5229070,-29.499999999999996,70.5
5229071,-29.499999999999996,71.5
5229072,-29.499999999999996,72.5
5229073,-29.499999999999996,73.5
5229074,-29.499999999999996,74.5
5229075,-29.499999999999996,75.5
5229076,-29.499999999999996,76.5
5229077,-29.499999999999996,77.5
5229078,-29.499999999999996,78.5
5229079,-29.499999999999996,79.5
5229080,-29.499999999999996,80.5
5229081,-29.499999999999996,81.5
5229082,-29.499999999999996,82.5
5229083,-29.499999999999996,83.5
5229084,-29.499999999999996,84.5
5229085,-29.499999999999996,85.5
5229086,-29.499999999999996,86.5
5229087,-29.499999999999996,87.5
5229088,-29.499999999999996,88.5
5229089,-29.499999999999996,89.5
5229090,-29.499999999999996,90.5
5229091,-29.499999999999996,91.5
5229092,-29.499999999999996,92.5
5229093,-29.499999999999996,93.5
5229094,-29.499999999999996,94.5
5229095,-29.499999999999996,95.5
5229096,-29.499999999999996,96.5
5229097,-29.499999999999996,97.5
5229098,-29.499999999999996,98.5
5229099,-29.499999999999996,99.5
5229100,-29.499999999999996,100.5
5229101,-29.499999999999996,101.5
5229102,-29.499999999999996,102.5
5229103,-29.499999999999996,103.5
5229104,-29.499999999999996,104.5
5229105,-29.499999999999996,105.5
5229106,-29.499999999999996,106.5
5229107,-29.499999999999996,107.5
5229108,-29.499999999999996,108.5
5229109,-29.499999999999996,109.5
5229110,-29.499999999999996,110.5
5229111,-29.499999999999996,111.5
5229112,-29.499999999999996,112.5
5229113,-29.499999999999996,113.5
5229114,-29.511621862906658,114.46031479041073
5230030,-30.642850619953787,30.763141375422716
5230031,-30.499999999999996,31.5
5230032,-30.499999999999996,32.5
5230033,-30.499999999999996,33.5
5230034,-30.499999999999996,34.5
5230035,-30.499999999999996,35.5
5230036,-30.499999999999996,36.5
5230037,-30.499999999999996,37.5
5230038,-30.499999999999996,38.5
5230039,-30.499999999999996,39.5
5230040,-30.499999999999996,40.5
5230041,-30.499999999999996,41.5
5230042,-30.499999999999996,42.5
5230043,-30.499999999999996,43.5
5230044,-30.499999999999996,44.5
5230045,-30.499999999999996,45.5
5230046,-30.499999999999996,46.5
5230047,-30.499999999999996,47.5
5230048,-30.499999999999996,48.5
5230049,-30.499999999999996,49.5
5230050,-30.499999999999996,50.5
5230051,-30.499999999999996,51.5
5230052,-30.499999999999996,52.5
5230053,-30.499999999999996,53.5
5230054,-30.499999999999996,54.5
5230055,-30.499999999999996,55.5
5230056,-30.499999999999996,56.5
5230057,-30.499999999999996,57.5
5230058,-30.499999999999996,58.5
5230059,-30.499999999999996,59.5
5230060,-30.499999999999996,60.5
5230061,-30.499999999999996,61.5
5230062,-30.499999999999996,62.5
5230063,-30.499999999999996,63.5
5230064,-30.499999999999996,64.5
5230065,-30.499999999999996,65.5
5230066,-30.499999999999996,66.5
5230067,-30.499999999999996,67.5
5230068,-30.499999999999996,68.5
5230069,-30.499999999999996,69.5
5230070,-30.499999999999996,70.5
5230071,-30.499999999999996,71.5
5230072,-30.499999999999996,72.5
5230073,-30.499999999999996,73.5
5230074,-30.499999999999996,74.5
5230075,-30.499999999999996,75.5
5230076,-30.499999999999996,76.5
5230077,-30.499999999999996,77.5
5230078,-30.499999999999996,78.5
5230079,-30.499999999999996,79.5
5230080,-30.499999999999996,80.5
5230081,-30.499999999999996,81.5
5230082,-30.499999999999996,82.5
5230083,-30.499999999999996,83.5
5230084,-30.499999999999996,84.5
5230085,-30.499999999999996,85.5
5230086,-30.499999999999996,86.5
5230087,-30.499999999999996,87.5
5230088,-30.499999999999996,88.5
5230089,-30.499999999999996,89.5
5230090,-30.499999999999996,90.5
5230091,-30.499999999999996,91.5
5230092,-30.499999999999996,92.5
5230093,-30.499999999999996,93.5
5230094,-30.499999999999996,94.5
5230095,-30.499999999999996,95.5
5230096,-30.499999999999996,96.5
5230097,-30.499999999999996,97.5
5230098,-30.499999999999996,98.5
5230099,-30.499999999999996,99.5
5230100,-30.499999999999996,100.5
5230101,-30.499999999999996,101.5
5230102,-30.499999999999996,102.5
5230103,-30.499999999999996,103.5
5230104,-30.499999999999996,104.5
5230105,-30.499999999999996,105.5
5230106,-30.499999999999996,106.5
5230107,-30.499999999999996,107.5
5230108,-30.499999999999996,108.5
5230109,-30.499999999999996,109.5
5230110,-30.499999999999996,110.5
5230111,-30.499999999999996,111.5
5230112,-30.499999999999996,112.5
5230113,-30.499999999999996,113.5
5230114,-30.50323803407762,114.49637306308676
5230115,-30.774831559899877,115.09353011000118
5231029,-31.762178950214878,29.699155726637535
5231030,-31.517437794331556,30.51800571861706
5231031,-31.499999999999996,31.5
5231032,-31.499999999999996,32.5
5231033,-31.499999999999996,33.5
5231034,-31.499999999999996,34.5
5231035,-31.499999999999996,35.5
5231036,-31.499999999999996,36.5
5231037,-31.499999999999996,37.5
5231038,-31.499999999999996,38.5
5231039,-31.499999999999996,39.5
5231040,-31.499999999999996,40.5
5231041,-31.499999999999996,41.5
5231042,-31.499999999999996,42.5
5231043,-31.499999999999996,43.5
5231044,-31.499999999999996,44.5
5231045,-31.499999999999996,45.5
5231046,-31.499999999999996,46.5
5231047,-31.499999999999996,47.5
5231048,-31.499999999999996,48.5
5231049,-31.499999999999996,49.5
5231050,-31.499999999999996,50.5
5231051,-31.499999999999996,51.5
5231052,-31.499999999999996,52.5
5231053,-31.499999999999996,53.5
5231054,-31.499999999999996,54.5
5231055,-31.499999999999996,55.5
5231056,-31.499999999999996,56.5
5231057,-31.499999999999996,57.5
5231058,-31.499999999999996,58.5
5231059,-31.499999999999996,59.5
5231060,-31.499999999999996,60.5
5231061,-31.499999999999996,61.5
5231062,-31.499999999999996,62.5
5231063,-31.499999999999996,63.5
5231064,-31.499999999999996,64.5
5231065,-31.499999999999996,65.5
5231066,-31.499999999999996,66.5
5231067,-31.499999999999996,67.5
5231068,-31.499999999999996,68.5
5231069,-31.499999999999996,69.5
5231070,-31.499999999999996,70.5
5231071,-31.499999999999996,71.5
5231072,-31.499999999999996,72.5
5231073,-31.499999999999996,73.5
5231074,-31.499999999999996,74.5
5231075,-31.499999999999996,75.5
5231076,-31.499999999999996,76.5
5231077,-31.499999999999996,77.5
5231078,-31.499999999999996,78.5
5231079,-31.499999999999996,79.5
5231080,-31.499999999999996,80.5
5231081,-31.499999999999996,81.5
5231082,-31.499999999999996,82.5
5231083,-31.499999999999996,83.5
5231084,-31.499999999999996,84.5
5231085,-31.499999999999996,85.5
5231086,-31.499999999999996,86.5
5231087,-31.499999999999996,87.5
5231088,-31.499999999999996,88.5
5231089,-31.499999999999996,89.5
5231090,-31.499999999999996,90.5
5231091,-31.499999999999996,91.5
5231092,-31.499999999999996,92.5
5231093,-31.499999999999996,93.5
5231094,-31.499999999999996,94.5
5231095,-31.499999999999996,95.5
5231096,-31.499999999999996,96.5
5231097,-31.499999999999996,97.5
5231098,-31.499999999999996,98.5
5231099,-31.499999999999996,99.5
5231100,-31.499999999999996,100.5
5231101,-31.499999999999996,101.5
5231102,-31.499999999999996,102.5
5231103,-31.499999999999996,103.5
5231104,-31.499999999999996,104.5
5231105,-31.499999999999996,105.5
5231106,-31.499999999999996,106.5
5231107,-31.499999999999996,107.5
5231108,-31.499999999999996,108.5
5231109,-31.499999999999996,109.5
5231110,-31.499999999999996,110.5
5231111,-31.499999999999996,111.5
5231112,-31.499999999999996,112.5
5231113,-31.499999999999996,113.5
5231114,-31.499999999999996,114.5
5231115,-31.57270610490935,115.30084636362648
5231128,-31.894672593010068,128.76398035176078
5231129,-31.81818791851,129.52097758661864
5231130,-31.795555096214265,130.49817383262305
5231131,-31.794434208201725,131.41299162566216
5231132,-31.967389299336297,132.4115950695724
5232027,-32.98798746488171,27.983901586102686
5232028,-32.72816831093371,28.65482955017313
5232029,-32.505526332897674,29.5055280681297
5232030,-32.5,30.5
5232031,-32.5,31.5
5232032,-32.5,32.5
5232033,-32.5,33.5
5232034,-32.5,34.5
5232035,-32.5,35.5
5232036,-32.5,36.5
5232037,-32.5,37.5
5232038,-32.5,38.5
5232039,-32.5,39.5
5232040,-32.5,40.5
5232041,-32.5,41.5
5232042,-32.5,42.5
5232043,-32.5,43.5
5232044,-32.5,44.5
5232045,-32.5,45.5
5232046,-32.5,46.5
5232047,-32.5,47.5
5232048,-32.5,48.5
5232049,-32.5,49.5
5232050,-32.5,50.5
5232051,-32.5,51.5
5232052,-32.5,52.5
5232053,-32.5,53.5
5232054,-32.5,54.5
5232055,-32.5,55.5
5232056,-32.5,56.5
5232057,-32.5,57.5
5232058,-32.5,58.5
5232059,-32.5,59.5
5232060,-32.5,60.5
5232061,-32.5,61.5
5232062,-32.5,62.5
5232063,-32.5,63.5
5232064,-32.5,64.5
5232065,-32.5,65.5
5232066,-32.5,66.5
5232067,-32.5,67.5
5232068,-32.5,68.5
5232069,-32.5,69.5
5232070,-32.5,70.5
5232071,-32.5,71.5
5232072,-32.5,72.5
5232073,-32.5,73.5
5232074,-32.5,74.5
5232075,-32.5,75.5
5232076,-32.5,76.5
5232077,-32.5,77.5
5232078,-32.5,78.5
5232079,-32.5,79.5
5232080,-32.5,80.5
5232081,-32.5,81.5
5232082,-32.5,82.5
5232083,-32.5,83.5
5232084,-32.5,84.5
5232085,-32.5,85.5
5232086,-32.5,86.5
5232087,-32.5,87.5
5232088,-32.5,88.5
5232089,-32.5,89.5
5232090,-32.5,90.5
5232091,-32.5,91.5
5232092,-32.5,92.5
5232093,-32.5,93.5
5232094,-32.5,94.5
5232095,-32.5,95.5
5232096,-32.5,96.5
5232097,-32.5,97.5
5232098,-32.5,98.5
5232099,-32.5,99.5
5232100,-32.5,100.5
5232101,-32.5,101.5
5232102,-32.5,102.5
5232103,-32.5,103.5
5232104,-32.5,104.5
5232105,-32.5,105.5
5232106,-32.5,106.5
5232107,-32.5,107.5
5232108,-32.5,108.5
5232109,-32.5,109.5
5232110,-32.5,110.5
5232111,-32.5,111.5
5232112,-32.5,112.5
5232113,-32.5,113.5
5232114,-32.5,114.5
5232115,-32.48254418653787,115.34478893849992
5232124,-32.93542795325705,124.75963234486122
5232125,-32.74774182668674,125.58539678300377
5232126,-32.645439930356105,126.49268845503022
5232127,-32.60101289838577,127.52628350793579
5232128,-32.50605234702717,128.5052956263753
5232129,-32.5,129.5
5232130,-32.5,130.5
5232131,-32.5,131.5
5232132,-32.50806512451738,132.49796318271711
5232133,-32.60726307432722,133.47048197347652
5232134,-32.70451401175305,134.11210104911765
5232137,-32.82459415619159,137.83981983856694
5233023,-33.993675324048176,23.630030279001524
5233024,-33.993419749281344,24.98096965136339
5233025,-33.88291843675549,25.773438085747557
5233026,-33.848352265894725,26.544640685654816
5233027,-33.61833353870287,27.5704892780377
5233028,-33.5,28.5
5233029,-33.5,29.5
5233030,-33.5,30.5
5233031,-33.5,31.5
5233032,-33.5,32.5
5233033,-33.5,33.5
5233034,-33.5,34.5
5233035,-33.5,35.5
5233036,-33.5,36.5
5233037,-33.5,37.5
5233038,-33.5,38.5
5233039,-33.5,39.5
5233040,-33.5,40.5
5233041,-33.5,41.5
5233042,-33.5,42.5
5233043,-33.5,43.5
5233044,-33.5,44.5
5233045,-33.5,45.5
5233046,-33.5,46.5
5233047,-33.5,47.5
5233048,-33.5,48.5
5233049,-33.5,49.5
5233050,-33.5,50.5
5233051,-33.5,51.5
5233052,-33.5,52.5
5233053,-33.5,53.5
5233054,-33.5,54.5
5233055,-33.5,55.5
5233056,-33.5,56.5
5233057,-33.5,57.5
5233058,-33.5,58.5
5233059,-33.5,59.5
5233060,-33.5,60.5
5233061,-33.5,61.5
5233062,-33.5,62.5
5233063,-33.5,63.5
5233064,-33.5,64.5
5233065,-33.5,65.5
5233066,-33.5,66.5
5233067,-33.5,67.5
5233068,-33.5,68.5
5233069,-33.5,69.5
5233070,-33.5,70.5
5233071,-33.5,71.5
5233072,-33.5,72.5
5233073,-33.5,73.5
5233074,-33.5,74.5
5233075,-33.5,75.5
5233076,-33.5,76.5
5233077,-33.5,77.5
5233078,-33.5,78.5
5233079,-33.5,79.5
5233080,-33.5,80.5
5233081,-33.5,81.5
5233082,-33.5,82.5
5233083,-33.5,83.5
5233084,-33.5,84.5
5233085,-33.5,85.5
5233086,-33.5,86.5
5233087,-33.5,87.5
5233088,-33.5,88.5
5233089,-33.5,89.5
5233090,-33.5,90.5
5233091,-33.5,91.5
5233092,-33.5,92.5
5233093,-33.5,93.5
5233094,-33.5,94.5
5233095,-33.5,95.5
5233096,-33.5,96.5
5233097,-33.5,97.5
5233098,-33.5,98.5
5233099,-33.5,99.5
5233100,-33.5,100.5
5233101,-33.5,101.5
5233102,-33.5,102.5
5233103,-33.5,103.5
5233104,-33.5,104.5
5233105,-33.5,105.5
5233106,-33.5,106.5
5233107,-33.5,107.5
5233108,-33.5,108.5
5233109,-33.5,109.5
5233110,-33.5,110.5
5233111,-33.5,111.5
5233112,-33.5,112.5
5233113,-33.5,113.5
5233114,-33.495293442424106,114.49200103070085
5233115,-33.28649097747394,115.31582049939875
5233119,-33.980827886182176,119.91770406675455
5233120,-33.9528867757881,120.59759823723196
5233121,-33.925622801269,121.48400504110349
5233122,-33.94967865847971,122.57839608459132
5233123,-33.86305313585902,123.69867159810617
5233124,-33.517299151480614,124.52013250663536
5233125,-33.5,125.5
5233126,-33.5,126.5
5233127,-33.5,127.5
5233128,-33.5,128.5
5233129,-33.5,129.5
5233130,-33.5,130.5
5233131,-33.5,131.5
5233132,-33.5,132.5
5233133,-33.5,133.5
5233134,-33.58661410189365,134.42679207424928
5233135,-33.911339356352414,135.08945545576387
5233136,-33.900423450157184,136.82672080767523
5233137,-33.544002598557505,137.527504946707
5233138,-33.097113523617395,138.0161217863957
5234020,-34.75345904264052,20.579080609843736
5234021,-34.68619001842074,21.512768327136943
5234022,-34.5338104225346,22.51057405499927
5234023,-34.52006009675954,23.50906855699833
5234024,-34.55795428820566,24.49260708036713
5234025,-34.5068027064033,25.49951335786294
5234026,-34.5,26.5
5234027,-34.5,27.5
5234028,-34.5,28.5
5234029,-34.5,29.5
5234030,-34.5,30.5
5234031,-34.5,31.5
5234032,-34.5,32.5
5234033,-34.5,33.5
5234034,-34.5,34.5
5234035,-34.5,35.5
5234036,-34.5,36.5
5234037,-34.5,37.5
5234038,-34.5,38.5
5234039,-34.5,39.5
5234040,-34.5,40.5
5234041,-34.5,41.5
5234042,-34.5,42.5
5234043,-34.5,43.5
5234044,-34.5,44.5
5234045,-34.5,45.5
5234046,-34.5,46.5
5234047,-34.5,47.5
5234048,-34.5,48.5
5234049,-34.5,49.5
5234050,-34.5,50.5
5234051,-34.5,51.5
5234052,-34.5,52.5
5234053,-34.5,53.5
5234054,-34.5,54.5
5234055,-34.5,55.5
5234056,-34.5,56.5
5234057,-34.5,57.5
5234058,-34.5,58.5
5234059,-34.5,59.5
5234060,-34.5,60.5
5234061,-34.5,61.5
5234062,-34.5,62.5
5234063,-34.5,63.5
5234064,-34.5,64.5
5234065,-34.5,65.5
5234066,-34.5,66.5
5234067,-34.5,67.5
5234068,-34.5,68.5
5234069,-34.5,69.5
5234070,-34.5,70.5
5234071,-34.5,71.5
5234072,-34.5,72.5
5234073,-34.5,73.5
5234074,-34.5,74.5
5234075,-34.5,75.5
5234076,-34.5,76.5
5234077,-34.5,77.5
5234078,-34.5,78.5
5234079,-34.5,79.5
5234080,-34.5,80.5
5234081,-34.5,81.5
5234082,-34.5,82.5
5234083,-34.5,83.5
5234084,-34.5,84.5
5234085,-34.5,85.5
5234086,-34.5,86.5
5234087,-34.5,87.5
5234088,-34.5,88.5
5234089,-34.5,89.5
5234090,-34.5,90.5
5234091,-34.5,91.5
5234092,-34.5,92.5
5234093,-34.5,93.5
5234094,-34.5,94.5
5234095,-34.5,95.5
5234096,-34.5,96.5
5234097,-34.5,97.5
5234098,-34.5,98.5
5234099,-34.5,99.5
5234100,-34.5,100.5
5234101,-34.5,101.5
5234102,-34.5,102.5
5234103,-34.5,103.5
5234104,-34.5,104.5
5234105,-34.5,105.5
5234106,-34.5,106.5
5234107,-34.5,107.5
5234108,-34.5,108.5
5234109,-34.5,109.5
5234110,-34.5,110.5
5234111,-34.5,111.5
5234112,-34.5,112.5
5234113,-34.5,113.5
5234114,-34.50079416063649,114.49914674240141
5234115,-34.70344362561143,115.42635321201669
5234116,-34.93506993817603,116.17366636571076
5234118,-34.805859106759215,118.71814257805644
5234119,-34.60497328833335,119.57675574800169
5234120,-34.5,120.5
5234121,-34.500393289661076,121.49972725376927
5234122,-34.502687804079095,122.50186849203388
5234123,-34.50098111155346,123.5005648792399
5234124,-34.5,124.5
5234125,-34.5,125.5
5234126,-34.5,126.5
5234127,-34.5,127.5
5234128,-34.5,128.5
5234129,-34.5,129.5
5234130,-34.5,130.5
5234131,-34.5,131.5
5234132,-34.5,132.5
5234133,-34.5,133.5
5234134,-34.50000889471157,134.49997625856474
5234135,-34.60723065133808,135.2999579958226
5234136,-34.54321361535061,136.5541349206906
5234137,-34.498429874336914,137.35244023977793
5234138,-34.67560128581844,138.20122456049774
5235021,-35.5,21.5
5235022,-35.5,22.5
5235023,-35.5,23.5
5235024,-35.5,24.5
5235025,-35.5,25.5
5235026,-35.5,26.5
5235027,-35.5,27.5
5235028,-35.5,28.5
5235029,-35.5,29.5
5235030,-35.5,30.5
5235031,-35.5,31.5
5235032,-35.5,32.5
5235033,-35.5,33.5
5235034,-35.5,34.5
5235035,-35.5,35.5
5235036,-35.5,36.5
5235037,-35.5,37.5
5235038,-35.5,38.5
5235039,-35.5,39.5
5235040,-35.5,40.5
5235041,-35.5,41.5
5235042,-35.5,42.5
5235043,-35.5,43.5
5235044,-35.5,44.5
5235045,-35.5,45.5
5235046,-35.5,46.5
5235047,-35.5,47.5
5235048,-35.5,48.5
5235049,-35.5,49.5
5235050,-35.5,50.5
5235051,-35.5,51.5
5235052,-35.5,52.5
5235053,-35.5,53.5
5235054,-35.5,54.5
5235055,-35.5,55.5
5235056,-35.5,56.5
5235057,-35.5,57.5
5235058,-35.5,58.5
5235059,-35.5,59.5
5235060,-35.5,60.5
5235061,-35.5,61.5
5235062,-35.5,62.5
5235063,-35.5,63.5
5235064,-35.5,64.5
5235065,-35.5,65.5
5235066,-35.5,66.5
5235067,-35.5,67.5
5235068,-35.5,68.5
5235069,-35.5,69.5
5235070,-35.5,70.5
5235071,-35.5,71.5
5235072,-35.5,72.5
5235073,-35.5,73.5
5235074,-35.5,74.5
5235075,-35.5,75.5
5235076,-35.5,76.5
5235077,-35.5,77.5
5235078,-35.5,78.5
5235079,-35.5,79.5
5235080,-35.5,80.5
5235081,-35.5,81.5
5235082,-35.5,82.5
5235083,-35.5,83.5
5235084,-35.5,84.5
5235085,-35.5,85.5
5235086,-35.5,86.5
5235087,-35.5,87.5
5235088,-35.5,88.5
5235089,-35.5,89.5
5235090,-35.5,90.5
5235091,-35.5,91.5
5235092,-35.5,92.5
5235093,-35.5,93.5
5235094,-35.5,94.5
5235095,-35.5,95.5
5235096,-35.5,96.5
5235097,-35.5,97.5
5235098,-35.5,98.5
5235099,-35.5,99.5
5235100,-35.5,100.5
5235101,-35.5,101.5
5235102,-35.5,102.5
5235103,-35.5,103.5
5235104,-35.5,104.5
5235105,-35.5,105.5
5235106,-35.5,106.5
5235107,-35.5,107.5
5235108,-35.5,108.5
5235109,-35.5,109.5
5235110,-35.5,110.5
5235111,-35.5,111.5
5235112,-35.5,112.5
5235113,-35.5,113.5
5235114,-35.5,114.5
5235115,-35.5,115.5
5235116,-35.50920361399533,116.49496487937462
5235117,-35.52836662156043,117.49562016325436
5235118,-35.50105248754785,118.50095211040268
5235119,-35.5,119.5
5235120,-35.5,120.5
5235121,-35.5,121.5
5235122,-35.5,122.5
5235123,-35.5,123.5
5235124,-35.5,124.5
5235125,-35.5,125.5
5235126,-35.5,126.5
5235127,-35.5,127.5
5235128,-35.5,128.5
5235129,-35.5,129.5
5235130,-35.5,130.5
5235131,-35.5,131.5
5235132,-35.5,132.5
5235133,-35.5,133.5
5235134,-35.5,134.5
5235135,-35.50024456338299,135.49977507649933
5235136,-35.46215242874004,136.44372090255874
5235137,-35.446246040016106,137.58407472675535
5235138,-35.59317721276786,138.4153030106809
5235139,-35.862617156367676,139.17128175714436
5236020,-36.50000000004235,20.500000000041872
5236021,-36.5,21.5
5236022,-36.5,22.5
5236023,-36.5,23.5
5236024,-36.5,24.5
5236025,-36.5,25.5
5236026,-36.5,26.5
5236027,-36.5,27.5
5236028,-36.5,28.5
5236029,-36.5,29.5
5236030,-36.5,30.5
5236031,-36.5,31.5
5236032,-36.5,32.5
5236033,-36.5,33.5
5236034,-36.5,34.5
5236035,-36.5,35.5
5236036,-36.5,36.5
5236037,-36.5,37.5
5236038,-36.5,38.5
5236039,-36.5,39.5
5236040,-36.5,40.5
5236041,-36.5,41.5
5236042,-36.5,42.5
5236043,-36.5,43.5
5236044,-36.5,44.5
5236045,-36.5,45.5
5236046,-36.5,46.5
5236047,-36.5,47.5
5236048,-36.5,48.5
5236049,-36.5,49.5
5236050,-36.5,50.5
5236051,-36.5,51.5
5236052,-36.5,52.5
5236053,-36.5,53.5
5236054,-36.5,54.5
5236055,-36.5,55.5
5236056,-36.5,56.5
5236057,-36.5,57.5
5236058,-36.5,58.5
5236059,-36.5,59.5
5236060,-36.5,60.5
5236061,-36.5,61.5
5236062,-36.5,62.5
5236063,-36.5,63.5
5236064,-36.5,64.5
5236065,-36.5,65.5
5236066,-36.5,66.5
5236067,-36.5,67.5
5236068,-36.5,68.5
5236069,-36.5,69.5
5236070,-36.5,70.5
5236071,-36.5,71.5
5236072,-36.5,72.5
5236073,-36.5,73.5
5236074,-36.5,74.5
5236075,-36.5,75.5
5236076,-36.5,76.5
5236077,-36.5,77.5
5236078,-36.5,78.5
5236079,-36.5,79.5
5236080,-36.5,80.5
5236081,-36.5,81.5
5236082,-36.5,82.5
5236083,-36.5,83.5
5236084,-36.5,84.5
5236085,-36.5,85.5
5236086,-36.5,86.5
5236087,-36.5,87.5
5236088,-36.5,88.5
5236089,-36.5,89.5
5236090,-36.5,90.5
5236091,-36.5,91.5
5236092,-36.5,92.5
5236093,-36.5,93.5
5236094,-36.5,94.5
5236095,-36.5,95.5
5236096,-36.5,96.5
5236097,-36.5,97.5
5236098,-36.5,98.5
5236099,-36.5,99.5
5236100,-36.5,100.5
5236101,-36.5,101.5
5236102,-36.5,102.5
5236103,-36.5,103.5
5236104,-36.5,104.5
5236105,-36.5,105.5
5236106,-36.5,106.5
5236107,-36.5,107.5
5236108,-36.5,108.5
5236109,-36.5,109.5
5236110,-36.5,110.5
5236111,-36.5,111.5
5236112,-36.5,112.5
5236113,-36.5,113.5
5236114,-36.5,114.5
5236115,-36.5,115.5
5236116,-36.5,116.5
5236117,-36.5,117.5
5236118,-36.5,118.5
5236119,-36.5,119.5
5236120,-36.5,120.5
5236121,-36.5,121.5
5236122,-36.5,122.5
5236123,-36.5,123.5
5236124,-36.5,124.5
5236125,-36.5,125.5
5236126,-36.5,126.5
5236127,-36.5,127.5
5236128,-36.5,128.5
5236129,-36.5,129.5
5236130,-36.5,130.5
5236131,-36.5,131.5
5236132,-36.5,132.5
5236133,-36.5,133.5
5236134,-36.5,134.5
5236135,-36.5,135.5
5236136,-36.505450258897575,136.49625124967798
5236137,-36.5068386855532,137.50212247569948
5236138,-36.5,138.5
5236139,-36.530580495894704,139.37476242966716
5236149,-36.89535677665877,149.96624685490602
5237020,-37.5,20.49999999999999
5237021,-37.5,21.5
5237022,-37.5,22.5
5237023,-37.5,23.5
5237024,-37.5,24.5
5237025,-37.5,25.5
5237026,-37.5,26.5
5237027,-37.5,27.5
5237028,-37.5,28.5
5237029,-37.5,29.5
5237030,-37.5,30.5
5237031,-37.5,31.5
5237032,-37.5,32.5
5237033,-37.5,33.5
5237034,-37.5,34.5
5237035,-37.5,35.5
5237036,-37.5,36.5
5237037,-37.5,37.5
5237038,-37.5,38.5
5237039,-37.5,39.5
5237040,-37.5,40.5
5237041,-37.5,41.5
5237042,-37.5,42.5
5237043,-37.5,43.5
5237044,-37.5,44.5
5237045,-37.5,45.5
5237046,-37.5,46.5
5237047,-37.5,47.5
5237048,-37.5,48.5
5237049,-37.5,49.5
5237050,-37.5,50.5
5237051,-37.5,51.5
5237052,-37.5,52.5
5237053,-37.5,53.5
5237054,-37.5,54.5
5237055,-37.5,55.5
5237056,-37.5,56.5
5237057,-37.5,57.5
5237058,-37.5,58.5
5237059,-37.5,59.5
5237060,-37.5,60.5
5237061,-37.5,61.5
5237062,-37.5,62.5
5237063,-37.5,63.5
5237064,-37.5,64.5
5237065,-37.5,65.5
5237066,-37.5,66.5
5237067,-37.5,67.5
5237068,-37.5,68.5
5237069,-37.5,69.5
5237070,-37.5,70.5
5237071,-37.5,71.5
5237072,-37.5,72.5
5237073,-37.5,73.5
5237074,-37.5,74.5
5237075,-37.5,75.5
5237076,-37.5,76.5
5237077,-37.498231123123055,77.49969778273635
5237078,-37.5,78.5
5237079,-37.5,79.5
5237080,-37.5,80.5
5237081,-37.5,81.5
5237082,-37.5,82.5
5237083,-37.5,83.5
5237084,-37.5,84.5
5237085,-37.5,85.5
5237086,-37.5,86.5
5237087,-37.5,87.5
5237088,-37.5,88.5
5237089,-37.5,89.5
5237090,-37.5,90.5
5237091,-37.5,91.5
5237092,-37.5,92.5
5237093,-37.5,93.5
5237094,-37.5,94.5
5237095,-37.5,95.5
5237096,-37.5,96.5
5237097,-37.5,97.5
5237098,-37.5,98.5
5237099,-37.5,99.5
5237100,-37.5,100.5
5237101,-37.5,101.5
5237102,-37.5,102.5
5237103,-37.5,103.5
5237104,-37.5,104.5
5237105,-37.5,105.5
5237106,-37.5,106.5
5237107,-37.5,107.5
5237108,-37.5,108.5
5237109,-37.5,109.5
5237110,-37.5,110.5
5237111,-37.5,111.5
5237112,-37.5,112.5
5237113,-37.5,113.5
5237114,-37.5,114.5
5237115,-37.5,115.5
5237116,-37.5,116.5
5237117,-37.5,117.5
5237118,-37.5,118.5
5237119,-37.5,119.5
5237120,-37.5,120.5
5237121,-37.5,121.5
5237122,-37.5,122.5
5237123,-37.5,123.5
5237124,-37.5,124.5
5237125,-37.5,125.5
5237126,-37.5,126.5
5237127,-37.5,127.5
5237128,-37.5,128.5
5237129,-37.5,129.5
5237130,-37.5,130.5
5237131,-37.5,131.5
5237132,-37.5,132.5
5237133,-37.5,133.5
5237134,-37.5,134.5
5237135,-37.5,135.5
5237136,-37.5,136.5
5237137,-37.5,137.5
5237138,-37.5,138.5
5237139,-37.530636058298434,139.4613115947389
5237140,-37.81026202397038,140.16388206891423
5237144,-37.94866201936535,144.879711809508
5237145,-37.98637707414511,145.01641677426346
5237147,-37.96233910113374,147.90467974166182
5237148,-37.90982648488911,148.53671348831784
5237149,-37.80315990684738,149.61245607223745
5238020,-38.5,20.499999999999993
5238021,-38.5,21.5
5238022,-38.5,22.5
5238023,-38.5,23.5
5238024,-38.5,24.5
5238025,-38.5,25.5
5238026,-38.5,26.5
5238027,-38.5,27.5
5238028,-38.5,28.5
5238029,-38.5,29.5
5238030,-38.5,30.5
5238031,-38.5,31.5
5238032,-38.5,32.5
5238033,-38.5,33.5
5238034,-38.5,34.5
5238035,-38.5,35.5
5238036,-38.5,36.5
5238037,-38.5,37.5
5238038,-38.5,38.5
5238039,-38.5,39.5
5238040,-38.5,40.5
5238041,-38.5,41.5
5238042,-38.5,42.5
5238043,-38.5,43.5
5238044,-38.5,44.5
5238045,-38.5,45.5
5238046,-38.5,46.5
5238047,-38.5,47.5
5238048,-38.5,48.5
5238049,-38.5,49.5
5238050,-38.5,50.5
5238051,-38.5,51.5
5238052,-38.5,52.5
5238053,-38.5,53.5
5238054,-38.5,54.5
5238055,-38.5,55.5
5238056,-38.5,56.5
5238057,-38.5,57.5
5238058,-38.5,58.5
5238059,-38.5,59.5
5238060,-38.5,60.5
5238061,-38.5,61.5
5238062,-38.5,62.5
5238063,-38.5,63.5
5238064,-38.5,64.5
5238065,-38.5,65.5
5238066,-38.5,66.5
5238067,-38.5,67.5
5238068,-38.5,68.5
5238069,-38.5,69.5
5238070,-38.5,70.5
5238071,-38.5,71.5
5238072,-38.5,72.5
5238073,-38.5,73.5
5238074,-38.5,74.5
5238075,-38.5,75.5
5238076,-38.5,76.5
5238077,-38.49980395892371,77.49997803615939
5238078,-38.5,78.5
5238079,-38.5,79.5
5238080,-38.5,80.5
5238081,-38.5,81.5
5238082,-38.5,82.5
5238083,-38.5,83.5
5238084,-38.5,84.5
5238085,-38.5,85.5
5238086,-38.5,86.5
5238087,-38.5,87.5
5238088,-38.5,88.5
5238089,-38.5,89.5
5238090,-38.5,90.5
5238091,-38.5,91.5
5238092,-38.5,92.5
5238093,-38.5,93.5
5238094,-38.5,94.5
5238095,-38.5,95.5
5238096,-38.5,96.5
5238097,-38.5,97.5
5238098,-38.5,98.5
5238099,-38.5,99.5
5238100,-38.5,100.5
5238101,-38.5,101.5
5238102,-38.5,102.5
5238103,-38.5,103.5
5238104,-38.5,104.5
5238105,-38.5,105.5
5238106,-38.5,106.5
5238107,-38.5,107.5
5238108,-38.5,108.5
5238109,-38.5,109.5
5238110,-38.5,110.5
5238111,-38.5,111.5
5238112,-38.5,112.5
5238113,-38.5,113.5
5238114,-38.5,114.5
5238115,-38.5,115.5
5238116,-38.5,116.5
5238117,-38.5,117.5
5238118,-38.5,118.5
5238119,-38.5,119.5
5238120,-38.5,120.5
5238121,-38.5,121.5
5238122,-38.5,122.5
5238123,-38.5,123.5
5238124,-38.5,124.5
5238125,-38.5,125.5
5238126,-38.5,126.5
5238127,-38.5,127.5
5238128,-38.5,128.5
5238129,-38.5,129.5
5238130,-38.5,130.5
5238131,-38.5,131.5
5238132,-38.5,132.5
5238133,-38.5,133.5
5238134,-38.5,134.5
5238135,-38.5,135.5
5238136,-38.5,136.5
5238137,-38.5,137.5
5238138,-38.5,138.5
5238139,-38.5,139.5
5238140,-38.51274447337401,140.4921606899568
5238141,-38.6271360752057,141.47753342012837
5238142,-38.71981266244724,142.45332833077146
5238143,-38.85507251926541,143.5133574526279
5238144,-38.59902381168864,144.5512283185088
5238145,-38.70419036270134,145.3834277254796
5238146,-38.83865763720328,146.60191336915267
5238147,-38.5736593569552,147.561902860502
5238148,-38.5,148.5
5238149,-38.50000013336417,149.49999958288114
5239020,-39.49999999999999,20.5
5239021,-39.5,21.5
5239022,-39.5,22.5
5239023,-39.5,23.5
5239024,-39.5,24.5
5239025,-39.5,25.5
5239026,-39.5,26.5
5239027,-39.5,27.5
5239028,-39.5,28.5
5239029,-39.5,29.5
5239030,-39.5,30.5
5239031,-39.5,31.5
5239032,-39.5,32.5
5239033,-39.5,33.5
5239034,-39.5,34.5
5239035,-39.5,35.5
5239036,-39.5,36.5
5239037,-39.5,37.5
5239038,-39.5,38.5
5239039,-39.5,39.5
5239040,-39.5,40.5
5239041,-39.5,41.5
5239042,-39.5,42.5
5239043,-39.5,43.5
5239044,-39.5,44.5
5239045,-39.5,45.5
5239046,-39.5,46.5
5239047,-39.5,47.5
5239048,-39.5,48.5
5239049,-39.5,49.5
5239050,-39.5,50.5
5239051,-39.5,51.5
5239052,-39.5,52.5
5239053,-39.5,53.5
5239054,-39.5,54.5
5239055,-39.5,55.5
5239056,-39.5,56.5
5239057,-39.5,57.5
5239058,-39.5,58.5
5239059,-39.5,59.5
5239060,-39.5,60.5
5239061,-39.5,61.5
5239062,-39.5,62.5
5239063,-39.5,63.5
5239064,-39.5,64.5
5239065,-39.5,65.5
5239066,-39.5,66.5
5239067,-39.5,67.5
5239068,-39.5,68.5
5239069,-39.5,69.5
5239070,-39.5,70.5
5239071,-39.5,71.5
5239072,-39.5,72.5
5239073,-39.5,73.5
5239074,-39.5,74.5
5239075,-39.5,75.5
5239076,-39.5,76.5
5239077,-39.5,77.5
5239078,-39.5,78.5
5239079,-39.5,79.5
5239080,-39.5,80.5
5239081,-39.5,81.5
5239082,-39.5,82.5
5239083,-39.5,83.5
5239084,-39.5,84.5
5239085,-39.5,85.5
5239086,-39.5,86.5
5239087,-39.5,87.5
5239088,-39.5,88.5
5239089,-39.5,89.5
5239090,-39.5,90.5
5239091,-39.5,91.5
5239092,-39.5,92.5
5239093,-39.5,93.5
5239094,-39.5,94.5
5239095,-39.5,95.5
5239096,-39.5,96.5
5239097,-39.5,97.5
5239098,-39.5,98.5
5239099,-39.5,99.5
5239100,-39.5,100.5
5239101,-39.5,101.5
5239102,-39.5,102.5
5239103,-39.5,103.5
5239104,-39.5,104.5
5239105,-39.5,105.5
5239106,-39.5,106.5
5239107,-39.5,107.5
5239108,-39.5,108.5
5239109,-39.5,109.5
5239110,-39.5,110.5
5239111,-39.5,111.5
5239112,-39.5,112.5
5239113,-39.5,113.5
5239114,-39.5,114.5
5239115,-39.5,115.5
5239116,-39.5,116.5
5239117,-39.5,117.5
5239118,-39.5,118.5
5239119,-39.5,119.5
5239120,-39.5,120.5
5239121,-39.5,121.5
5239122,-39.5,122.5
5239123,-39.5,123.5
5239124,-39.5,124.5
5239125,-39.5,125.5
5239126,-39.5,126.5
5239127,-39.5,127.5
5239128,-39.5,128.5
5239129,-39.5,129.5
5239130,-39.5,130.5
5239131,-39.5,131.5
5239132,-39.5,132.5
5239133,-39.5,133.5
5239134,-39.5,134.5
5239135,-39.5,135.5
5239136,-39.5,136.5
5239137,-39.5,137.5
5239138,-39.5,138.5
5239139,-39.5,139.5
5239140,-39.5,140.5
5239141,-39.5,141.5
5239142,-39.5,142.5
5239143,-39.48287262001331,143.4766035199594
5239144,-39.485986006364506,144.5191636131703
5239145,-39.5,145.5
5239146,-39.51024472123311,146.50244573451283
5239147,-39.485397271503885,147.48350168079244
5239148,-39.48645151332965,148.51274387939424
5239149,-39.50000000743713,149.49999988123793
5240020,-40.49999999999999,20.50000000000001
5240021,-40.5,21.5
5240022,-40.5,22.5
5240023,-40.5,23.5
5240024,-40.5,24.5
5240025,-40.5,25.5
5240026,-40.5,26.5
5240027,-40.5,27.5
5240028,-40.5,28.5
5240029,-40.5,29.5
5240030,-40.5,30.5
5240031,-40.5,31.5
5240032,-40.5,32.5
5240033,-40.5,33.5
5240034,-40.5,34.5
5240035,-40.5,35.5
5240036,-40.5,36.5
5240037,-40.5,37.5
5240038,-40.5,38.5
5240039,-40.5,39.5
5240040,-40.5,40.5
5240041,-40.5,41.5
5240042,-40.5,42.5
5240043,-40.5,43.5
5240044,-40.5,44.5
5240045,-40.5,45.5
5240046,-40.5,46.5
5240047,-40.5,47.5
5240048,-40.5,48.5
5240049,-40.5,49.5
5240050,-40.5,50.5
5240051,-40.5,51.5
5240052,-40.5,52.5
5240053,-40.5,53.5
5240054,-40.5,54.5
5240055,-40.5,55.5
5240056,-40.5,56.5
5240057,-40.5,57.5
5240058,-40.5,58.5
5240059,-40.5,59.5
5240060,-40.5,60.5
5240061,-40.5,61.5
5240062,-40.5,62.5
5240063,-40.5,63.5
5240064,-40.5,64.5
5240065,-40.5,65.5
5240066,-40.5,66.5
5240067,-40.5,67.5
5240068,-40.5,68.5
5240069,-40.5,69.5
5240070,-40.5,70.5
5240071,-40.5,71.5
5240072,-40.5,72.5
5240073,-40.5,73.5
5240074,-40.5,74.5
5240075,-40.5,75.5
5240076,-40.5,76.5
5240077,-40.5,77.5
5240078,-40.5,78.5
5240079,-40.5,79.5
5240080,-40.5,80.5
5240081,-40.5,81.5
5240082,-40.5,82.5
5240083,-40.5,83.5
5240084,-40.5,84.5
5240085,-40.5,85.5
5240086,-40.5,86.5
5240087,-40.5,87.5
5240088,-40.5,88.5
5240089,-40.5,89.5
5240090,-40.5,90.5
5240091,-40.5,91.5
5240092,-40.5,92.5
5240093,-40.5,93.5
5240094,-40.5,94.5
5240095,-40.5,95.5
5240096,-40.5,96.5
5240097,-40.5,97.5
5240098,-40.5,98.5
5240099,-40.5,99.5
5240100,-40.5,100.5
5240101,-40.5,101.5
5240102,-40.5,102.5
5240103,-40.5,103.5
5240104,-40.5,104.5
5240105,-40.5,105.5
5240106,-40.5,106.5
5240107,-40.5,107.5
5240108,-40.5,108.5
5240109,-40.5,109.5
5240110,-40.5,110.5
5240111,-40.5,111.5
5240112,-40.5,112.5
5240113,-40.5,113.5
5240114,-40.5,114.5
5240115,-40.5,115.5
5240116,-40.5,116.5
5240117,-40.5,117.5
5240118,-40.5,118.5
5240119,-40.5,119.5
5240120,-40.5,120.5
5240121,-40.5,121.5
5240122,-40.5,122.5
5240123,-40.5,123.5
5240124,-40.5,124.5
5240125,-40.5,125.5
5240126,-40.5,126.5
5240127,-40.5,127.5
5240128,-40.5,128.5
5240129,-40.5,129.5
5240130,-40.5,130.5
5240131,-40.5,131.5
5240132,-40.5,132.5
5240133,-40.5,133.5
5240134,-40.5,134.5
5240135,-40.5,135.5
5240136,-40.5,136.5
5240137,-40.5,137.5
5240138,-40.5,138.5
5240139,-40.5,139.5
5240140,-40.5,140.5
5240141,-40.5,141.5
5240142,-40.5,142.5
5240143,-40.506705670106484,143.4933444129741
5240144,-40.46467687885691,144.46028814681912
5240145,-40.45008159881937,145.5259623636186
5240146,-40.4999209769769,146.49992107420977
5240147,-40.4682062164696,147.4740715801166
5240148,-40.51192473493703,148.57293562568037
5240149,-40.500000007658166,149.49999992652312
5241020,-41.5,20.50000000000002
5241021,-41.5,21.5
5241022,-41.5,22.5
5241023,-41.5,23.5
5241024,-41.5,24.5
5241025,-41.5,25.5
5241026,-41.5,26.5
5241027,-41.5,27.5
5241028,-41.5,28.5
5241029,-41.5,29.5
5241030,-41.5,30.5
5241031,-41.5,31.5
5241032,-41.5,32.5
5241033,-41.5,33.5
5241034,-41.5,34.5
5241035,-41.5,35.5
5241036,-41.5,36.5
5241037,-41.5,37.5
5241038,-41.5,38.5
5241039,-41.5,39.5
5241040,-41.5,40.5
5241041,-41.5,41.5
5241042,-41.5,42.5
5241043,-41.5,43.5
5241044,-41.5,44.5
5241045,-41.5,45.5
5241046,-41.5,46.5
5241047,-41.5,47.5
5241048,-41.5,48.5
5241049,-41.5,49.5
5241050,-41.5,50.5
5241051,-41.5,51.5
5241052,-41.5,52.5
5241053,-41.5,53.5
5241054,-41.5,54.5
5241055,-41.5,55.5
5241056,-41.5,56.5
5241057,-41.5,57.5
5241058,-41.5,58.5
5241059,-41.5,59.5
5241060,-41.5,60.5
5241061,-41.5,61.5
5241062,-41.5,62.5
5241063,-41.5,63.5
5241064,-41.5,64.5
5241065,-41.5,65.5
5241066,-41.5,66.5
5241067,-41.5,67.5
5241068,-41.5,68.5
5241069,-41.5,69.5
5241070,-41.5,70.5
5241071,-41.5,71.5
5241072,-41.5,72.5
5241073,-41.5,73.5
5241074,-41.5,74.5
5241075,-41.5,75.5
5241076,-41.5,76.5
5241077,-41.5,77.5
5241078,-41.5,78.5
5241079,-41.5,79.5
5241080,-41.5,80.5
5241081,-41.5,81.5
5241082,-41.5,82.5
5241083,-41.5,83.5
5241084,-41.5,84.5
5241085,-41.5,85.5
5241086,-41.5,86.5
5241087,-41.5,87.5
5241088,-41.5,88.5
5241089,-41.5,89.5
5241090,-41.5,90.5
5241091,-41.5,91.5
5241092,-41.5,92.5
5241093,-41.5,93.5
5241094,-41.5,94.5
5241095,-41.5,95.5
5241096,-41.5,96.5
5241097,-41.5,97.5
5241098,-41.5,98.5
5241099,-41.5,99.5
5241100,-41.5,100.5
5241101,-41.5,101.5
5241102,-41.5,102.5
5241103,-41.5,103.5
5241104,-41.5,104.5
5241105,-41.5,105.5
5241106,-41.5,106.5
5241107,-41.5,107.5
5241108,-41.5,108.5
5241109,-41.5,109.5
5241110,-41.5,110.5
5241111,-41.5,111.5
5241112,-41.5,112.5
5241113,-41.5,113.5
5241114,-41.5,114.5
5241115,-41.5,115.5
5241116,-41.5,116.5
5241117,-41.5,117.5
5241118,-41.5,118.5
5241119,-41.5,119.5
5241120,-41.5,120.5
5241121,-41.5,121.5
5241122,-41.5,122.5
5241123,-41.5,123.5
5241124,-41.5,124.5
5241125,-41.5,125.5
5241126,-41.5,126.5
5241127,-41.5,127.5
5241128,-41.5,128.5
5241129,-41.5,129.5
5241130,-41.5,130.5
5241131,-41.5,131.5
5241132,-41.5,132.5
5241133,-41.5,133.5
5241134,-41.5,134.5
5241135,-41.5,135.5
5241136,-41.5,136.5
5241137,-41.5,137.5
5241138,-41.5,138.5
5241139,-41.5,139.5
5241140,-41.5,140.5
5241141,-41.5,141.5
5241142,-41.5,142.5
5241143,-41.5,143.5
5241144,-41.54494320588784,144.42449331026577
5241145,-41.649231549324064,145.33544515101076
5241146,-41.078108074607854,146.44123068151444
5241147,-41.21091603225255,147.12901421834493
5241148,-41.49975274926335,148.6435379417985
5241149,-41.50000000789409,149.4999999731795
5242020,-42.49999991050459,20.50000360508134
5242021,-42.5,21.5
5242022,-42.5,22.5
5242023,-42.5,23.5
5242024,-42.5,24.5
5242025,-42.5,25.5
5242026,-42.5,26.5
5242027,-42.5,27.5
5242028,-42.5,28.5
5242029,-42.5,29.5
5242030,-42.5,30.5
5242031,-42.5,31.5
5242032,-42.5,32.5
5242033,-42.5,33.5
5242034,-42.5,34.5
5242035,-42.5,35.5
5242036,-42.5,36.5
5242037,-42.5,37.5
5242038,-42.5,38.5
5242039,-42.5,39.5
5242040,-42.5,40.5
5242041,-42.5,41.5
5242042,-42.5,42.5
5242043,-42.5,43.5
5242044,-42.5,44.5
5242045,-42.5,45.5
5242046,-42.5,46.5
5242047,-42.5,47.5
5242048,-42.5,48.5
5242049,-42.5,49.5
5242050,-42.5,50.5
5242051,-42.5,51.5
5242052,-42.5,52.5
5242053,-42.5,53.5
5242054,-42.5,54.5
5242055,-42.5,55.5
5242056,-42.5,56.5
5242057,-42.5,57.5
5242058,-42.5,58.5
5242059,-42.5,59.5
5242060,-42.5,60.5
5242061,-42.5,61.5
5242062,-42.5,62.5
5242063,-42.5,63.5
5242064,-42.5,64.5
5242065,-42.5,65.5
5242066,-42.5,66.5
5242067,-42.5,67.5
5242068,-42.5,68.5
5242069,-42.5,69.5
5242070,-42.5,70.5
5242071,-42.5,71.5
5242072,-42.5,72.5
5242073,-42.5,73.5
5242074,-42.5,74.5
5242075,-42.5,75.5
5242076,-42.5,76.5
5242077,-42.5,77.5
5242078,-42.5,78.5
5242079,-42.5,79.5
5242080,-42.5,80.5
5242081,-42.5,81.5
5242082,-42.5,82.5
5242083,-42.5,83.5
5242084,-42.5,84.5
5242085,-42.5,85.5
5242086,-42.5,86.5
5242087,-42.5,87.5
5242088,-42.5,88.5
5242089,-42.5,89.5
5242090,-42.5,90.5
5242091,-42.5,91.5
5242092,-42.5,92.5
5242093,-42.5,93.5
5242094,-42.5,94.5
5242095,-42.5,95.5
5242096,-42.5,96.5
5242097,-42.5,97.5
5242098,-42.5,98.5
5242099,-42.5,99.5
5242100,-42.5,100.5
5242101,-42.5,101.5
5242102,-42.5,102.5
5242103,-42.5,103.5
5242104,-42.5,104.5
5242105,-42.5,105.5
5242106,-42.5,106.5
5242107,-42.5,107.5
5242108,-42.5,108.5
5242109,-42.5,109.5
5242110,-42.5,110.5
5242111,-42.5,111.5
5242112,-42.5,112.5
5242113,-42.5,113.5
5242114,-42.5,114.5
5242115,-42.5,115.5
5242116,-42.5,116.5
5242117,-42.5,117.5
5242118,-42.5,118.5
5242119,-42.5,119.5
5242120,-42.5,120.5
5242121,-42.5,121.5
5242122,-42.5,122.5
5242123,-42.5,123.5
5242124,-42.5,124.5
5242125,-42.5,125.5
5242126,-42.5,126.5
5242127,-42.5,127.5
5242128,-42.5,128.5
5242129,-42.5,129.5
5242130,-42.5,130.5
5242131,-42.5,131.5
5242132,-42.5,132.5
5242133,-42.5,133.5
5242134,-42.5,134.5
5242135,-42.5,135.5
5242136,-42.5,136.5
5242137,-42.5,137.5
5242138,-42.5,138.5
5242139,-42.5,139.5
5242140,-42.5,140.5
5242141,-42.5,141.5
5242142,-42.5,142.5
5242143,-42.5,143.5
5242144,-42.5,144.5
5242145,-42.55575975387671,145.18978618894587
5242147,-42.84020727324144,147.71853224531398
5242148,-42.51760825964753,148.5227587363786
5242149,-42.50000000009783,149.49999999989774
5243020,-43.49999990754547,20.500004150950858
5243021,-43.5,21.5
5243022,-43.5,22.5
5243023,-43.5,23.5
5243024,-43.5,24.5
5243025,-43.5,25.5
5243026,-43.5,26.5
5243027,-43.5,27.5
5243028,-43.5,28.5
5243029,-43.5,29.5
5243030,-43.5,30.5
5243031,-43.5,31.5
5243032,-43.5,32.5
5243033,-43.5,33.5
5243034,-43.5,34.5
5243035,-43.5,35.5
5243036,-43.5,36.5
5243037,-43.5,37.5
5243038,-43.5,38.5
5243039,-43.5,39.5
5243040,-43.5,40.5
5243041,-43.5,41.5
5243042,-43.5,42.5
5243043,-43.5,43.5
5243044,-43.5,44.5
5243045,-43.5,45.5
5243046,-43.5,46.5
5243047,-43.5,47.5
5243048,-43.5,48.5
5243049,-43.5,49.5
5243050,-43.5,50.5
5243051,-43.5,51.5
5243052,-43.5,52.5
5243053,-43.5,53.5
5243054,-43.5,54.5
5243055,-43.5,55.5
5243056,-43.5,56.5
5243057,-43.5,57.5
5243058,-43.5,58.5
5243059,-43.5,59.5
5243060,-43.5,60.5
5243061,-43.5,61.5
5243062,-43.5,62.5
5243063,-43.5,63.5
5243064,-43.5,64.5
5243065,-43.5,65.5
5243066,-43.5,66.5
5243067,-43.5,67.5
5243068,-43.5,68.5
5243069,-43.5,69.5
5243070,-43.5,70.5
5243071,-43.5,71.5
5243072,-43.5,72.5
5243073,-43.5,73.5
5243074,-43.5,74.5
5243075,-43.5,75.5
5243076,-43.5,76.5
5243077,-43.5,77.5
5243078,-43.5,78.5
5243079,-43.5,79.5
5243080,-43.5,80.5
5243081,-43.5,81.5
5243082,-43.5,82.5
5243083,-43.5,83.5
5243084,-43.5,84.5
5243085,-43.5,85.5
5243086,-43.5,86.5
5243087,-43.5,87.5
5243088,-43.5,88.5
5243089,-43.5,89.5
5243090,-43.5,90.5
5243091,-43.5,91.5
5243092,-43.5,92.5
5243093,-43.5,93.5
5243094,-43.5,94.5
5243095,-43.5,95.5
5243096,-43.5,96.5
5243097,-43.5,97.5
5243098,-43.5,98.5
5243099,-43.5,99.5
5243100,-43.5,100.5
5243101,-43.5,101.5
5243102,-43.5,102.5
5243103,-43.5,103.5
5243104,-43.5,104.5
5243105,-43.5,105.5
5243106,-43.5,106.5
5243107,-43.5,107.5
5243108,-43.5,108.5
5243109,-43.5,109.5
5243110,-43.5,110.5
5243111,-43.5,111.5
5243112,-43.5,112.5
5243113,-43.5,113.5
5243114,-43.5,114.5
5243115,-43.5,115.5
5243116,-43.5,116.5
5243117,-43.5,117.5
5243118,-43.5,118.5
5243119,-43.5,119.5
5243120,-43.5,120.5
5243121,-43.5,121.5
5243122,-43.5,122.5
5243123,-43.5,123.5
5243124,-43.5,124.5
5243125,-43.5,125.5
5243126,-43.5,126.5
5243127,-43.5,127.5
5243128,-43.5,128.5
5243129,-43.5,129.5
5243130,-43.5,130.5
5243131,-43.5,131.5
5243132,-43.5,132.5
5243133,-43.5,133.5
5243134,-43.5,134.5
5243135,-43.5,135.5
5243136,-43.5,136.5
5243137,-43.5,137.5
5243138,-43.5,138.5
5243139,-43.5,139.5
5243140,-43.5,140.5
5243141,-43.5,141.5
5243142,-43.5,142.5
5243143,-43.5,143.5
5243144,-43.5,144.5
5243145,-43.5317315657365,145.46919487493815
5243146,-43.76064142835728,146.48492700961881
5243147,-43.56563267125489,147.5242330459376
5243148,-43.50003016713448,148.5000541279539
5243149,-43.5,149.5
5244020,-44.499999904375585,20.500004715214843
5244021,-44.5,21.5
5244022,-44.5,22.5
5244023,-44.5,23.5
5244024,-44.5,24.5
5244025,-44.5,25.5
5244026,-44.5,26.5
5244027,-44.5,27.5
5244028,-44.5,28.5
5244029,-44.5,29.5
5244030,-44.5,30.5
5244031,-44.5,31.5
5244032,-44.5,32.5
5244033,-44.5,33.5
5244034,-44.5,34.5
5244035,-44.5,35.5
5244036,-44.5,36.5
5244037,-44.5,37.5
5244038,-44.5,38.5
5244039,-44.5,39.5
5244040,-44.5,40.5
5244041,-44.5,41.5
5244042,-44.5,42.5
5244043,-44.5,43.5
5244044,-44.5,44.5
5244045,-44.5,45.5
5244046,-44.5,46.5
5244047,-44.5,47.5
5244048,-44.5,48.5
5244049,-44.5,49.5
5244050,-44.5,50.5
5244051,-44.5,51.5
5244052,-44.5,52.5
5244053,-44.5,53.5
5244054,-44.5,54.5
5244055,-44.5,55.5
5244056,-44.5,56.5
5244057,-44.5,57.5
5244058,-44.5,58.5
5244059,-44.5,59.5
5244060,-44.5,60.5
5244061,-44.5,61.5
5244062,-44.5,62.5
5244063,-44.5,63.5
5244064,-44.5,64.5
5244065,-44.5,65.5
5244066,-44.5,66.5
5244067,-44.5,67.5
5244068,-44.5,68.5
5244069,-44.5,69.5
5244070,-44.5,70.5
5244071,-44.5,71.5
5244072,-44.5,72.5
5244073,-44.5,73.5
5244074,-44.5,74.5
5244075,-44.5,75.5
5244076,-44.5,76.5
5244077,-44.5,77.5
5244078,-44.5,78.5
5244079,-44.5,79.5
5244080,-44.5,80.5
5244081,-44.5,81.5
5244082,-44.5,82.5
5244083,-44.5,83.5
5244084,-44.5,84.5
5244085,-44.5,85.5
5244086,-44.5,86.5
5244087,-44.5,87.5
5244088,-44.5,88.5
5244089,-44.5,89.5
5244090,-44.5,90.5
5244091,-44.5,91.5
5244092,-44.5,92.5
5244093,-44.5,93.5
5244094,-44.5,94.5
5244095,-44.5,95.5
5244096,-44.5,96.5
5244097,-44.5,97.5
5244098,-44.5,98.5
5244099,-44.5,99.5
5244100,-44.5,100.5
5244101,-44.5,101.5
5244102,-44.5,102.5
5244103,-44.5,103.5
5244104,-44.5,104.5
5244105,-44.5,105.5
5244106,-44.5,106.5
5244107,-44.5,107.5
5244108,-44.5,108.5
5244109,-44.5,109.5
5244110,-44.5,110.5
5244111,-44.5,111.5
5244112,-44.5,112.5
5244113,-44.5,113.5
5244114,-44.5,114.5
5244115,-44.5,115.5
5244116,-44.5,116.5
5244117,-44.5,117.5
5244118,-44.5,118.5
5244119,-44.5,119.5
5244120,-44.5,120.5
5244121,-44.5,121.5
5244122,-44.5,122.5
5244123,-44.5,123.5
5244124,-44.5,124.5
5244125,-44.5,125.5
5244126,-44.5,126.5
5244127,-44.5,127.5
5244128,-44.5,128.5
5244129,-44.5,129.5
5244130,-44.5,130.5
5244131,-44.5,131.5
5244132,-44.5,132.5
5244133,-44.5,133.5
5244134,-44.5,134.5
5244135,-44.5,135.5
5244136,-44.5,136.5
5244137,-44.5,137.5
5244138,-44.5,138.5
5244139,-44.5,139.5
5244140,-44.5,140.5
5244141,-44.5,141.5
5244142,-44.5,142.5
5244143,-44.5,143.5
5244144,-44.5,144.5
5244145,-44.5,145.5
5244146,-44.5,146.5
5244147,-44.5,147.5
5244148,-44.5,148.5
5244149,-44.5,149.5
5245080,-45.5,80.5
5245081,-45.5,81.5
5245082,-45.5,82.5
5245083,-45.5,83.5
5245084,-45.5,84.5
5245085,-45.5,85.5
5245086,-45.5,86.5
5245087,-45.5,87.5
5245088,-45.5,88.5
5245089,-45.5,89.5
5245090,-45.5,90.5
5245091,-45.5,91.5
5245092,-45.5,92.5
5245093,-45.5,93.5
5245094,-45.5,94.5
5245095,-45.5,95.5
5245096,-45.5,96.5
5245097,-45.5,97.5
5245098,-45.5,98.5
5245099,-45.5,99.5
5245100,-45.5,100.5
5245101,-45.5,101.5
5245102,-45.5,102.5
5245103,-45.5,103.5
5245104,-45.5,104.5
5245105,-45.5,105.5
5245106,-45.5,106.5
5245107,-45.5,107.5
5245108,-45.5,108.5
5245109,-45.5,109.5
5245110,-45.5,110.5
5245111,-45.5,111.5
5245112,-45.5,112.5
5245113,-45.5,113.5
5245114,-45.5,114.5
5245115,-45.5,115.5
5245116,-45.5,116.5
5245117,-45.5,117.5
5245118,-45.5,118.5
5245119,-45.5,119.5
5245120,-45.5,120.5
5245121,-45.5,121.5
5245122,-45.5,122.5
5245123,-45.5,123.5
5245124,-45.5,124.5
5245125,-45.5,125.5
5245126,-45.5,126.5
5245127,-45.5,127.5
5245128,-45.5,128.5
5245129,-45.5,129.5
5245130,-45.5,130.5
5245131,-45.5,131.5
5245132,-45.5,132.5
5245133,-45.5,133.5
5245134,-45.5,134.5
5245135,-45.5,135.5
5245136,-45.5,136.5
5245137,-45.5,137.5
5245138,-45.5,138.5
5245139,-45.5,139.5
5245140,-45.5,140.5
5245141,-45.5,141.5
5245142,-45.5,142.5
5245143,-45.5,143.5
5245144,-45.5,144.5
5245145,-45.5,145.5
5245146,-45.5,146.5
5245147,-45.5,147.5
5245148,-45.5,148.5
5245149,-45.5,149.5
5246080,-46.5,80.5
5246081,-46.5,81.5
5246082,-46.5,82.5
5246083,-46.5,83.5
5246084,-46.5,84.5
5246085,-46.5,85.5
5246086,-46.5,86.5
5246087,-46.5,87.5
5246088,-46.5,88.5
5246089,-46.5,89.5
5246090,-46.5,90.5
5246091,-46.5,91.5
5246092,-46.5,92.5
5246093,-46.5,93.5
5246094,-46.5,94.5
5246095,-46.5,95.5
5246096,-46.5,96.5
5246097,-46.5,97.5
5246098,-46.5,98.5
5246099,-46.5,99.5
5246100,-46.5,100.5
5246101,-46.5,101.5
5246102,-46.5,102.5
5246103,-46.5,103.5
5246104,-46.5,104.5
5246105,-46.5,105.5
5246106,-46.5,106.5
5246107,-46.5,107.5
5246108,-46.5,108.5
5246109,-46.5,109.5
5246110,-46.5,110.5
5246111,-46.5,111.5
5246112,-46.5,112.5
5246113,-46.5,113.5
5246114,-46.5,114.5
5246115,-46.5,115.5
5246116,-46.5,116.5
5246117,-46.5,117.5
5246118,-46.5,118.5
5246119,-46.5,119.5
5246120,-46.5,120.5
5246121,-46.5,121.5
5246122,-46.5,122.5
5246123,-46.5,123.5
5246124,-46.5,124.5
5246125,-46.5,125.5
5246126,-46.5,126.5
5246127,-46.5,127.5
5246128,-46.5,128.5
5246129,-46.5,129.5
5246130,-46.5,130.5
5246131,-46.5,131.5
5246132,-46.5,132.5
5246133,-46.5,133.5
5246134,-46.5,134.5
5246135,-46.5,135.5
5246136,-46.5,136.5
5246137,-46.5,137.5
5246138,-46.5,138.5
5246139,-46.5,139.5
5246140,-46.5,140.5
5246141,-46.5,141.5
5246142,-46.5,142.5
5246143,-46.5,143.5
5246144,-46.5,144.5
5246145,-46.5,145.5
5246146,-46.5,146.5
5246147,-46.5,147.5
5246148,-46.5,148.5
5246149,-46.499999887598555,149.4999997336576
5247080,-47.5,80.5
5247081,-47.5,81.5
5247082,-47.5,82.5
5247083,-47.5,83.5
5247084,-47.5,84.5
5247085,-47.5,85.5
5247086,-47.5,86.5
5247087,-47.5,87.5
5247088,-47.5,88.5
5247089,-47.5,89.5
5247090,-47.5,90.5
5247091,-47.5,91.5
5247092,-47.5,92.5
5247093,-47.5,93.5
5247094,-47.5,94.5
5247095,-47.5,95.5
5247096,-47.5,96.5
5247097,-47.5,97.5
5247098,-47.5,98.5
5247099,-47.5,99.5
5247100,-47.5,100.5
5247101,-47.5,101.5
5247102,-47.5,102.5
5247103,-47.5,103.5
5247104,-47.5,104.5
5247105,-47.5,105.5
5247106,-47.5,106.5
5247107,-47.5,107.5
5247108,-47.5,108.5
5247109,-47.5,109.5
5247110,-47.5,110.5
5247111,-47.5,111.5
5247112,-47.5,112.5
5247113,-47.5,113.5
5247114,-47.5,114.5
5247115,-47.5,115.5
5247116,-47.5,116.5
5247117,-47.5,117.5
5247118,-47.5,118.5
5247119,-47.5,119.5
5247120,-47.5,120.5
5247121,-47.5,121.5
5247122,-47.5,122.5
5247123,-47.5,123.5
5247124,-47.5,124.5
5247125,-47.5,125.5
5247126,-47.5,126.5
5247127,-47.5,127.5
5247128,-47.5,128.5
5247129,-47.5,129.5
5247130,-47.5,130.5
5247131,-47.5,131.5
5247132,-47.5,132.5
5247133,-47.5,133.5
5247134,-47.5,134.5
5247135,-47.5,135.5
5247136,-47.5,136.5
5247137,-47.5,137.5
5247138,-47.5,138.5
5247139,-47.5,139.5
5247140,-47.5,140.5
5247141,-47.5,141.5
5247142,-47.5,142.5
5247143,-47.5,143.5
5247144,-47.5,144.5
5247145,-47.5,145.5
5247146,-47.5,146.5
5247147,-47.5,147.5
5247148,-47.5,148.5
5247149,-47.50000001647689,149.4999996069271
5248080,-48.5,80.5
5248081,-48.5,81.5
5248082,-48.5,82.5
5248083,-48.5,83.5
5248084,-48.5,84.5
5248085,-48.5,85.5
5248086,-48.5,86.5
5248087,-48.5,87.5
5248088,-48.5,88.5
5248089,-48.5,89.5
5248090,-48.5,90.5
5248091,-48.5,91.5
5248092,-48.5,92.5
5248093,-48.5,93.5
5248094,-48.5,94.5
5248095,-48.5,95.5
5248096,-48.5,96.5
5248097,-48.5,97.5
5248098,-48.5,98.5
5248099,-48.5,99.5
5248100,-48.5,100.5
5248101,-48.5,101.5
5248102,-48.5,102.5
5248103,-48.5,103.5
5248104,-48.5,104.5
5248105,-48.5,105.5
5248106,-48.5,106.5
5248107,-48.5,107.5
5248108,-48.5,108.5
5248109,-48.5,109.5
5248110,-48.5,110.5
5248111,-48.5,111.5
5248112,-48.5,112.5
5248113,-48.5,113.5
5248114,-48.5,114.5
5248115,-48.5,115.5
5248116,-48.5,116.5
5248117,-48.5,117.5
5248118,-48.5,118.5
5248119,-48.5,119.5
5248120,-48.5,120.5
5248121,-48.5,121.5
5248122,-48.5,122.5
5248123,-48.5,123.5
5248124,-48.5,124.5
5248125,-48.5,125.5
5248126,-48.5,126.5
5248127,-48.5,127.5
5248128,-48.5,128.5
5248129,-48.5,129.5
5248130,-48.5,130.5
5248131,-48.5,131.5
5248132,-48.5,132.5
5248133,-48.5,133.5
5248134,-48.5,134.5
5248135,-48.5,135.5
5248136,-48.5,136.5
5248137,-48.5,137.5
5248138,-48.5,138.5
5248139,-48.5,139.5
5248140,-48.5,140.5
5248141,-48.5,141.5
5248142,-48.5,142.5
5248143,-48.5,143.5
5248144,-48.5,144.5
5248145,-48.5,145.5
5248146,-48.5,146.5
5248147,-48.5,147.5
5248148,-48.5,148.5
5248149,-48.500000017128215,149.49999970773987
5249080,-49.5,80.5
5249081,-49.5,81.5
5249082,-49.5,82.5
5249083,-49.5,83.5
5249084,-49.5,84.5
5249085,-49.5,85.5
5249086,-49.5,86.5
5249087,-49.5,87.5
5249088,-49.5,88.5
5249089,-49.5,89.5
5249090,-49.5,90.5
5249091,-49.5,91.5
5249092,-49.5,92.5
5249093,-49.5,93.5
5249094,-49.5,94.5
5249095,-49.5,95.5
5249096,-49.5,96.5
5249097,-49.5,97.5
5249098,-49.5,98.5
5249099,-49.5,99.5
5249100,-49.5,100.5
5249101,-49.5,101.5
5249102,-49.5,102.5
5249103,-49.5,103.5
5249104,-49.5,104.5
5249105,-49.5,105.5
5249106,-49.5,106.5
5249107,-49.5,107.5
5249108,-49.5,108.5
5249109,-49.5,109.5
5249110,-49.5,110.5
5249111,-49.5,111.5
5249112,-49.5,112.5
5249113,-49.5,113.5
5249114,-49.5,114.5
5249115,-49.5,115.5
5249116,-49.5,116.5
5249117,-49.5,117.5
5249118,-49.5,118.5
5249119,-49.5,119.5
5249120,-49.5,120.5
5249121,-49.5,121.5
5249122,-49.5,122.5
5249123,-49.5,123.5
5249124,-49.5,124.5
5249125,-49.5,125.5
5249126,-49.5,126.5
5249127,-49.5,127.5
5249128,-49.5,128.5
5249129,-49.5,129.5
5249130,-49.5,130.5
5249131,-49.5,131.5
5249132,-49.5,132.5
5249133,-49.5,133.5
5249134,-49.5,134.5
5249135,-49.5,135.5
5249136,-49.5,136.5
5249137,-49.5,137.5
5249138,-49.5,138.5
5249139,-49.5,139.5
5249140,-49.5,140.5
5249141,-49.5,141.5
5249142,-49.5,142.5
5249143,-49.5,143.5
5249144,-49.5,144.5
5249145,-49.5,145.5
5249146,-49.5,146.5
5249147,-49.5,147.5
5249148,-49.5,148.5
5249149,-49.500000017830025,149.4999998126128
5250080,-50.5,80.5
5250081,-50.5,81.5
5250082,-50.5,82.5
5250083,-50.5,83.5
5250084,-50.5,84.5
5250085,-50.5,85.5
5250086,-50.5,86.5
5250087,-50.5,87.5
5250088,-50.5,88.5
5250089,-50.5,89.5
5250090,-50.5,90.5
5250091,-50.5,91.5
5250092,-50.5,92.5
5250093,-50.5,93.5
5250094,-50.5,94.5
5250095,-50.5,95.5
5250096,-50.5,96.5
5250097,-50.5,97.5
5250098,-50.5,98.5
5250099,-50.5,99.5
5250100,-50.5,100.5
5250101,-50.5,101.5
5250102,-50.5,102.5
5250103,-50.5,103.5
5250104,-50.5,104.5
5250105,-50.5,105.5
5250106,-50.5,106.5
5250107,-50.5,107.5
5250108,-50.5,108.5
5250109,-50.5,109.5
5250110,-50.5,110.5
5250111,-50.5,111.5
5250112,-50.5,112.5
5250113,-50.5,113.5
5250114,-50.5,114.5
5250115,-50.5,115.5
5250116,-50.5,116.5
5250117,-50.5,117.5
5250118,-50.5,118.5
5250119,-50.5,119.5
5250120,-50.5,120.5
5250121,-50.5,121.5
5250122,-50.5,122.5
5250123,-50.5,123.5
5250124,-50.5,124.5
5250125,-50.5,125.5
5250126,-50.5,126.5
5250127,-50.5,127.5
5250128,-50.5,128.5
5250129,-50.5,129.5
5250130,-50.5,130.5
5250131,-50.5,131.5
5250132,-50.5,132.5
5250133,-50.5,133.5
5250134,-50.5,134.5
5250135,-50.5,135.5
5250136,-50.5,136.5
5250137,-50.5,137.5
5250138,-50.5,138.5
5250139,-50.5,139.5
5250140,-50.5,140.5
5250141,-50.5,141.5
5250142,-50.5,142.5
5250143,-50.5,143.5
5250144,-50.5,144.5
5250145,-50.5,145.5
5250146,-50.5,146.5
5250147,-50.5,147.5
5250148,-50.5,148.5
5250149,-50.50000001858744,149.49999992186423
5251080,-51.5,80.5
5251081,-51.5,81.5
5251082,-51.5,82.5
5251083,-51.5,83.5
5251084,-51.5,84.5
5251085,-51.5,85.5
5251086,-51.5,86.5
5251087,-51.5,87.5
5251088,-51.5,88.5
5251089,-51.5,89.5
5251090,-51.5,90.5
5251091,-51.5,91.5
5251092,-51.5,92.5
5251093,-51.5,93.5
5251094,-51.5,94.5
5251095,-51.5,95.5
5251096,-51.5,96.5
5251097,-51.5,97.5
5251098,-51.5,98.5
5251099,-51.5,99.5
5251100,-51.5,100.5
5251101,-51.5,101.5
5251102,-51.5,102.5
5251103,-51.5,103.5
5251104,-51.5,104.5
5251105,-51.5,105.5
5251106,-51.5,106.5
5251107,-51.5,107.5
5251108,-51.5,108.5
5251109,-51.5,109.5
5251110,-51.5,110.5
5251111,-51.5,111.5
5251112,-51.5,112.5
5251113,-51.5,113.5
5251114,-51.5,114.5
5251115,-51.5,115.5
5251116,-51.5,116.5
5251117,-51.5,117.5
5251118,-51.5,118.5
5251119,-51.5,119.5
5251120,-51.5,120.5
5251121,-51.5,121.5
5251122,-51.5,122.5
5251123,-51.5,123.5
5251124,-51.5,124.5
5251125,-51.5,125.5
5251126,-51.5,126.5
5251127,-51.5,127.5
5251128,-51.5,128.5
5251129,-51.5,129.5
5251130,-51.5,130.5
5251131,-51.5,131.5
5251132,-51.5,132.5
5251133,-51.5,133.5
5251134,-51.5,134.5
5251135,-51.5,135.5
5251136,-51.5,136.5
5251137,-51.5,137.5
5251138,-51.5,138.5
5251139,-51.5,139.5
5251140,-51.5,140.5
5251141,-51.5,141.5
5251142,-51.5,142.5
5251143,-51.5,143.5
5251144,-51.5,144.5
5251145,-51.5,145.5
5251146,-51.5,146.5
5251147,-51.5,147.5
5251148,-51.5,148.5
5251149,-51.50000000190262,149.49999999781213
5252080,-52.5,80.5
5252081,-52.5,81.5
5252082,-52.5,82.5
5252083,-52.5,83.5
5252084,-52.5,84.5
5252085,-52.5,85.5
5252086,-52.5,86.5
5252087,-52.5,87.5
5252088,-52.5,88.5
5252089,-52.5,89.5
5252090,-52.5,90.5
5252091,-52.5,91.5
5252092,-52.5,92.5
5252093,-52.5,93.5
5252094,-52.5,94.5
5252095,-52.5,95.5
5252096,-52.5,96.5
5252097,-52.5,97.5
5252098,-52.5,98.5
5252099,-52.5,99.5
5252100,-52.5,100.5
5252101,-52.5,101.5
5252102,-52.5,102.5
5252103,-52.5,103.5
5252104,-52.5,104.5
5252105,-52.5,105.5
5252106,-52.5,106.5
5252107,-52.5,107.5
5252108,-52.5,108.5
5252109,-52.5,109.5
5252110,-52.5,110.5
5252111,-52.5,111.5
5252112,-52.5,112.5
5252113,-52.5,113.5
5252114,-52.5,114.5
5252115,-52.5,115.5
5252116,-52.5,116.5
5252117,-52.5,117.5
5252118,-52.5,118.5
5252119,-52.5,119.5
5252120,-52.5,120.5
5252121,-52.5,121.5
5252122,-52.5,122.5
5252123,-52.5,123.5
5252124,-52.5,124.5
5252125,-52.5,125.5
5252126,-52.5,126.5
5252127,-52.5,127.5
5252128,-52.5,128.5
5252129,-52.5,129.5
5252130,-52.5,130.5
5252131,-52.5,131.5
5252132,-52.5,132.5
5252133,-52.5,133.5
5252134,-52.5,134.5
5252135,-52.5,135.5
5252136,-52.5,136.5
5252137,-52.5,137.5
5252138,-52.5,138.5
5252139,-52.5,139.5
5252140,-52.5,140.5
5252141,-52.5,141.5
5252142,-52.5,142.5
5252143,-52.5,143.5
5252144,-52.5,144.5
5252145,-52.5,145.5
5252146,-52.5,146.5
5252147,-52.5,147.5
5252148,-52.5,148.5
5252149,-52.5,149.5
5253080,-53.5,80.5
5253081,-53.5,81.5
5253082,-53.5,82.5
5253083,-53.5,83.5
5253084,-53.5,84.5
5253085,-53.5,85.5
5253086,-53.5,86.5
5253087,-53.5,87.5
5253088,-53.5,88.5
5253089,-53.5,89.5
5253090,-53.5,90.5
5253091,-53.5,91.5
5253092,-53.5,92.5
5253093,-53.5,93.5
5253094,-53.5,94.5
5253095,-53.5,95.5
5253096,-53.5,96.5
5253097,-53.5,97.5
5253098,-53.5,98.5
5253099,-53.5,99.5
5253100,-53.5,100.5
5253101,-53.5,101.5
5253102,-53.5,102.5
5253103,-53.5,103.5
5253104,-53.5,104.5
5253105,-53.5,105.5
5253106,-53.5,106.5
5253107,-53.5,107.5
5253108,-53.5,108.5
5253109,-53.5,109.5
5253110,-53.5,110.5
5253111,-53.5,111.5
5253112,-53.5,112.5
5253113,-53.5,113.5
5253114,-53.5,114.5
5253115,-53.5,115.5
5253116,-53.5,116.5
5253117,-53.5,117.5
5253118,-53.5,118.5
5253119,-53.5,119.5
5253120,-53.5,120.5
5253121,-53.5,121.5
5253122,-53.5,122.5
5253123,-53.5,123.5
5253124,-53.5,124.5
5253125,-53.5,125.5
5253126,-53.5,126.5
5253127,-53.5,127.5
5253128,-53.5,128.5
5253129,-53.5,129.5
5253130,-53.5,130.5
5253131,-53.5,131.5
5253132,-53.5,132.5
5253133,-53.5,133.5
5253134,-53.5,134.5
5253135,-53.5,135.5
5253136,-53.5,136.5
5253137,-53.5,137.5
5253138,-53.5,138.5
5253139,-53.5,139.5
5253140,-53.5,140.5
5253141,-53.5,141.5
5253142,-53.5,142.5
5253143,-53.5,143.5
5253144,-53.5,144.5
5253145,-53.5,145.5
5253146,-53.5,146.5
5253147,-53.5,147.5
5253148,-53.5,148.5
5253149,-53.5,149.5
5254080,-54.5,80.5
5254081,-54.5,81.5
5254082,-54.5,82.5
5254083,-54.5,83.5
5254084,-54.5,84.5
5254085,-54.5,85.5
5254086,-54.5,86.5
5254087,-54.5,87.5
5254088,-54.5,88.5
5254089,-54.5,89.5
5254090,-54.5,90.5
5254091,-54.5,91.5
5254092,-54.5,92.5
5254093,-54.5,93.5
5254094,-54.5,94.5
5254095,-54.5,95.5
5254096,-54.5,96.5
5254097,-54.5,97.5
5254098,-54.5,98.5
5254099,-54.5,99.5
5254100,-54.5,100.5
5254101,-54.5,101.5
5254102,-54.5,102.5
5254103,-54.5,103.5
5254104,-54.5,104.5
5254105,-54.5,105.5
5254106,-54.5,106.5
5254107,-54.5,107.5
5254108,-54.5,108.5
5254109,-54.5,109.5
5254110,-54.5,110.5
5254111,-54.5,111.5
5254112,-54.5,112.5
5254113,-54.5,113.5
5254114,-54.5,114.5
5254115,-54.5,115.5
5254116,-54.5,116.5
5254117,-54.5,117.5
5254118,-54.5,118.5
5254119,-54.5,119.5
5254120,-54.5,120.5
5254121,-54.5,121.5
5254122,-54.5,122.5
5254123,-54.5,123.5
5254124,-54.5,124.5
5254125,-54.5,125.5
5254126,-54.5,126.5
5254127,-54.5,127.5
5254128,-54.5,128.5
5254129,-54.5,129.5
5254130,-54.5,130.5
5254131,-54.5,131.5
5254132,-54.5,132.5
5254133,-54.5,133.5
5254134,-54.5,134.5
5254135,-54.5,135.5
5254136,-54.5,136.5
5254137,-54.5,137.5
5254138,-54.5,138.5
5254139,-54.5,139.5
5254140,-54.5,140.5
5254141,-54.5,141.5
5254142,-54.5,142.5
5254143,-54.5,143.5
5254144,-54.5,144.5
5254145,-54.5,145.5
5254146,-54.5,146.5
5254147,-54.5,147.5
5254148,-54.5,148.5
5254149,-54.5,149.5
6100040,0.6465856777439906,44.26772739909379
6100045,2.066733969535025,47.92420221355929
6100050,2.500000000000007,52.50000000000001
6100055,2.500000000000007,57.50000000000001
6100060,2.500000000000007,62.50000000000001
6100065,2.500000000000007,67.50000000000001
6100070,2.500013574295036,72.49989427941101
6100075,2.500000000000007,77.50000000000001
6100080,2.500000000000007,82.50000000000001
6100085,2.500000000000007,87.50000000000001
6100090,2.500000000000007,92.50000000000001
6100095,2.254722523583104,97.05254785991005
6100100,3.368176566352211,100.63191276457995
6105045,6.04674375194714,49.457170621919666
6105050,7.421021163092634,52.59414988133982
6105055,7.500000000000007,57.50000000000001
6105060,7.500000000000007,62.50000000000001
6105065,7.500000000000007,67.50000000000001
6105070,7.500153437548286,72.49988949212066
6105075,7.18450880400075,77.43896411027607
6105080,7.471998596627381,82.93936024363823
6105085,7.500000000000007,87.50000000000001
6105090,7.499988551282913,92.49375152854752
6105095,7.354802127305289,97.19339630888105
6105100,5.661728029420515,100.16960678956957
6110040,12.79855662903354,43.334763817007605
6110045,12.471330425836388,47.63354591532686
6110050,12.631054036545402,52.65312565362004
6110055,12.500000000000007,57.50000000000001
6110060,12.500000000000007,62.50000000000001
6110065,12.500000000000007,67.50000000000001
6110070,12.424875043282894,72.3992941148745
6110075,10.842759130962573,76.45223321702152
6110080,12.476726596080127,82.55453098762007
6110085,12.500000000000007,87.50000000000001
6110090,12.504149109289324,92.49432389355609
6110095,12.412716541993913,96.70160555077464
6115035,18.375106622486722,39.016701553399166
6115040,16.976694386236023,41.1406027542737
6115050,15.834360658578143,53.52848270906065
6115055,17.130387158566464,57.834835808516665
6115060,17.500000000000007,62.50000000000001
6115065,17.500000000000007,67.50000000000001
6115070,17.337560934722912,71.61476222119741
6115080,16.365458493648795,83.26832212553164
6115085,17.461143068354943,87.53433555793028
6115090,17.36886271381456,92.1842744020195
6115095,15.750573313472929,96.53810507661309
6120035,22.535943199409147,37.49941026514335
6120040,20.100324376028134,40.15098061273211
6120050,24.57217348891407,52.98184196889566
6120055,23.078664168087045,58.837648508702316
6120060,22.500000000000007,62.50000000000001
6120065,22.12616390623064,67.11022303014806
6120070,20.719371588951063,71.56069605896923
6120085,20.840220740989654,88.45885514371061
6120090,21.080785305099678,91.18439923453485
6125030,27.431628258709857,34.211299547292334
6125035,26.093483635908445,35.776787084430374
6125045,28.734336616401322,49.223909696146414
6125050,26.663277092610144,52.080525629767315
6125055,25.827451717542104,56.90674900108928
6125060,25.142236838242923,62.590154312281506
6125065,25.204474839922113,65.89708467844311
6130045,30.14314754579924,49.30267838720518
6130050,30.091482833566317,50.05891799513174
6200035,-4.481043415101168,39.71325498114893
6200040,-2.832173373390633,42.85553571835118
6200045,-2.499999999999993,47.50000000000001
6200050,-2.499999999999993,52.50000000000001
6200055,-2.4983965684977725,57.5015387295112
6200060,-2.499999999999993,62.50000000000001
6200065,-2.499999999999993,67.50000000000001
6200070,-2.50010891282304,72.4999603198446
6200075,-2.499999999999993,77.50000000000001
6200080,-2.499999999999993,82.50000000000001
6200085,-2.499999999999993,87.50000000000001
6200090,-2.499999999999993,92.50000000000001
6200095,-2.529984989026096,97.46490693146495
6200100,-3.6206868186116106,101.09716894438027
6205035,-7.037471763818258,39.598010907329346
6205040,-7.499999999999993,42.50000000000001
6205045,-7.498963173506169,47.500594999770776
6205050,-7.50003069762622,52.49999730010346
6205055,-7.500023965234413,57.500077270537616
6205060,-7.499999999999993,62.50000000000001
6205065,-7.499999999999993,67.50000000000001
6205070,-7.5000862694695405,72.50004212486608
6205075,-7.499999999999993,77.50000000000001
6205080,-7.499999999999993,82.50000000000001
6205085,-7.499999999999993,87.50000000000001
6205090,-7.499999999999993,92.50000000000001
6205095,-7.499999999999993,97.50000000000001
6205100,-7.562819230863548,102.4449203517388
6205105,-8.549754783104797,107.19878693100023
6205110,-9.152423458816838,112.39741139534411
6205115,-9.122991469243797,117.42259187546644
6205120,-9.044846450116369,122.45782141986311
6205125,-9.064031549565895,127.20281769276559
6210035,-10.054906548561593,39.956492635614545
6210040,-12.463649989517684,42.76509017866653
6210045,-12.187122188479576,47.177332186479696
6210050,-12.480090351899682,52.525355252562676
6210055,-12.500161480827458,57.50007125655888
6210060,-12.499999999999993,62.50000000000001
6210065,-12.499999999999993,67.50000000000001
6210070,-12.499999999999993,72.50000000000001
6210075,-12.499999999999993,77.50000000000001
6210080,-12.499999999999993,82.50000000000001
6210085,-12.499999999999993,87.50000000000001
6210090,-12.499999999999993,92.50000000000001
6210095,-12.500022650335481,97.50003789166985
6210100,-12.499999999999993,102.50000000000001
6210105,-12.500912030606809,107.50084205164276
6210110,-12.499999999999993,112.50000000000001
6210115,-12.50008877778405,117.49991126654635
6210120,-12.55099331872339,122.49914548267101
6210125,-12.204180455944933,127.02368993459237
6215030,-19.889510057145674,34.86095583175915
6215035,-18.6978247623739,38.166934702863905
6215040,-17.472685485484618,42.2673006085522
6215045,-17.305253533109315,48.24796146663171
6215050,-17.530772322052936,52.53430685865082
6215055,-17.499947384135076,57.499989656815934
6215060,-17.499151502723,62.49964736432676
6215065,-17.499999999999993,67.50000000000001
6215070,-17.499999999999993,72.50000000000001
6215075,-17.499999999999993,77.50000000000001
6215080,-17.499999999999993,82.50000000000001
6215085,-17.499999999999993,87.50000000000001
6215090,-17.499999999999993,92.50000000000001
6215095,-17.499999999999993,97.50000000000001
6215100,-17.499999999999993,102.50000000000001
6215105,-17.499999999999993,107.50000000000001
6215110,-17.499999999999993,112.50000000000001
6215115,-17.497977250121423,117.49830355130878
6215120,-16.80628061228378,121.69375149497816
6215125,-15.16995560104089,126.48579976800492
6220030,-22.424549085964568,34.78969895923336
6220035,-22.471814826928753,37.63544353420423
6220040,-22.46820253096008,41.85979976912728
6220045,-22.826657716414807,48.91924286809191
6220050,-22.499999999999993,52.50000000000001
6220055,-22.526925448862528,57.51714206399088
6220060,-22.499999999999993,62.50000000000001
6220065,-22.499999999999993,67.50000000000001
6220070,-22.499999999999993,72.50000000000001
6220075,-22.499999999999993,77.50000000000001
6220080,-22.499999999999993,82.50000000000001
6220085,-22.499999999999993,87.50000000000001
6220090,-22.499999999999993,92.50000000000001
6220095,-22.499999999999993,97.50000000000001
6220100,-22.499999999999993,102.50000000000001
6220105,-22.499999999999993,107.50000000000001
6220110,-22.2918257893688,112.14780414335128
6220115,-20.503813285759378,116.43469669861429
6225030,-27.847904018054884,33.636202510841706
6225035,-27.499999999999993,37.50000000000001
6225040,-27.523234888733835,42.47867164553707
6225045,-27.564741775747052,47.5509485234764
6225050,-27.499999999999993,52.50000000000001
6225055,-27.499999999999993,57.50000000000001
6225060,-27.499999999999993,62.50000000000001
6225065,-27.499999999999993,67.50000000000001
6225070,-27.499999999999993,72.50000000000001
6225075,-27.499999999999993,77.50000000000001
6225080,-27.499999999999993,82.50000000000001
6225085,-27.499999999999993,87.50000000000001
6225090,-27.499999999999993,92.50000000000001
6225095,-27.499999999999993,97.50000000000001
6225100,-27.499999999999993,102.50000000000001
6225105,-27.499999999999993,107.50000000000001
6225110,-27.642030883422933,112.12938643333408
6230020,-34.586180960738645,22.822867510640457
6230025,-33.840978128340595,28.090868312017893
6230030,-32.555568947549595,32.55920176400118
6230035,-32.49999999999999,37.50000000000001
6230040,-32.49999999999999,42.50000000000001
6230045,-32.49999999999999,47.50000000000001
6230050,-32.49999999999999,52.50000000000001
6230055,-32.49999999999999,57.50000000000001
6230060,-32.49999999999999,62.50000000000001
6230065,-32.49999999999999,67.50000000000001
6230070,-32.49999999999999,72.50000000000001
6230075,-32.49999999999999,77.50000000000001
6230080,-32.49999999999999,82.50000000000001
6230085,-32.49999999999999,87.50000000000001
6230090,-32.49999999999999,92.50000000000001
6230095,-32.49999999999999,97.50000000000001
6230100,-32.49999999999999,102.50000000000001
6230105,-32.49999999999999,107.50000000000001
6230110,-32.49978577387584,112.49745278517462
6230115,-33.42295500763651,116.54828430943876
6230120,-34.2977738402561,122.80611573055654
6230125,-33.53922916353586,127.65841178852273
6230130,-33.496373139828265,132.23194058081464
6230135,-34.31135693601044,136.873770623286
6235020,-37.50000014576494,22.500000181211618
6235025,-37.49999999999999,27.50000000000001
6235030,-37.49999999999999,32.50000000000001
6235035,-37.49999999999999,37.50000000000001
6235040,-37.49999999999999,42.50000000000001
6235045,-37.49999999999999,47.50000000000001
6235050,-37.49999999999999,52.50000000000001
6235055,-37.49999999999999,57.50000000000001
6235060,-37.49999999999999,62.50000000000001
6235065,-37.49999999999999,67.50000000000001
6235070,-37.49999999999999,72.50000000000001
6235075,-37.49988611236993,77.49998709424156
6235080,-37.49999999999999,82.50000000000001
6235085,-37.49999999999999,87.50000000000001
6235090,-37.49999999999999,92.50000000000001
6235095,-37.49999999999999,97.50000000000001
6235100,-37.49999999999999,102.50000000000001
6235105,-37.49999999999999,107.50000000000001
6235110,-37.49999999999999,112.50000000000001
6235115,-37.507840742003296,117.50034138953511
6235120,-37.49999999999999,122.50000000000001
6235125,-37.49999999999999,127.50000000000001
6235130,-37.49999999999999,132.5
6235135,-37.68033161951628,137.3702833109163
6235140,-39.11971347867083,142.3382813963453
6235145,-39.03404443166985,147.80619191866077
6240020,-42.499998899425414,22.50000250160632
6240025,-42.49999999999999,27.50000000000001
6240030,-42.49999999999999,32.50000000000001
6240035,-42.49999999999999,37.50000000000001
6240040,-42.49999999999999,42.50000000000001
6240045,-42.49999999999999,47.50000000000001
6240050,-42.49999999999999,52.50000000000001
6240055,-42.49999999999999,57.50000000000001
6240060,-42.49999999999999,62.50000000000001
6240065,-42.49999999999999,67.50000000000001
6240070,-42.49999999999999,72.50000000000001
6240075,-42.49999999999999,77.50000000000001
6240080,-42.49999999999999,82.50000000000001
6240085,-42.49999999999999,87.50000000000001
6240090,-42.49999999999999,92.50000000000001
6240095,-42.49999999999999,97.50000000000001
6240100,-42.49999999999999,102.50000000000001
6240105,-42.49999999999999,107.50000000000001
6240110,-42.49999999999999,112.50000000000001
6240115,-42.49999999999999,117.50000000000001
6240120,-42.49999999999999,122.50000000000001
6240125,-42.49999999999999,127.50000000000001
6240130,-42.49999999999999,132.5
6240135,-42.49999999999999,137.5
6240140,-42.518548232918654,142.4714192245942
6240145,-42.680230302601665,147.80828410753918
6245080,-47.49999999999999,82.50000000000001
6245085,-47.49999999999999,87.50000000000001
6245090,-47.49999999999999,92.50000000000001
6245095,-47.49999999999999,97.50000000000001
6245100,-47.49999999999999,102.50000000000001
6245105,-47.49999999999999,107.50000000000001
6245110,-47.49999999999999,112.50000000000001
6245115,-47.49999999999999,117.50000000000001
6245120,-47.49999999999999,122.50000000000001
6245125,-47.49999999999999,127.50000000000001
6245130,-47.49999999999999,132.5
6245135,-47.49999999999999,137.5
6245140,-47.49999999999999,142.5
6245145,-47.499999966305346,147.49999977498283
6250080,-52.49999999999999,82.50000000000001
6250085,-52.49999999999999,87.50000000000001
6250090,-52.49999999999999,92.50000000000001
6250095,-52.49999999999999,97.50000000000001
6250100,-52.49999999999999,102.50000000000001
6250105,-52.49999999999999,107.50000000000001
6250110,-52.49999999999999,112.50000000000001
6250115,-52.49999999999999,117.50000000000001
6250120,-52.49999999999999,122.50000000000001
6250125,-52.49999999999999,127.50000000000001
6250130,-52.49999999999999,132.5
6250135,-52.49999999999999,137.5
6250140,-52.49999999999999,142.5
6250145,-52.500000013456585,147.4999999839915
AR_IDN_01,6.182215962268738,96.45601088977874
AR_IDN_02,-9.129645012598312,117.42117121343028
AR_IDN_04,-8.337959571037683,107.44823429981894
AR_IDN_05,-9.152868121747511,112.39610150569072
AR_IDN_FMA_572,-1.867336932652101,98.17002617031916
AR_IDN_FMA_714,-5.40488442409821,126.59950743340589
AR_IDN_FMA_718,-7.807980063297897,134.9130990259899
AR_IRN_01,29.88995882030192,49.0877671804166
AR_IRN_02,29.89254727625824,49.79703476008729
AR_IRN_03,29.46816250853783,49.79555416013743
AR_IRN_04,29.086632446094214,50.06506736362928
AR_IRN_05,28.660810033913425,50.35833179953999
AR_IRN_06,28.1826358177215,50.630982980119974
AR_IRN_07,27.652907321947282,51.042369841232386
AR_IRN_08,27.405133602335415,51.62042614371745
AR_IRN_09,27.20773331166687,52.149449664494604
AR_IRN_10,26.79227608670192,52.62791119299507
AR_IRN_11,26.423473374726946,53.08727994371831
AR_IRN_12,26.104132749704842,53.64034770922619
AR_IRN_13,26.13175550359028,54.619584775290335
AR_IRN_14,26.47805042812016,55.56458803961588
AR_IRN_15,26.706421042041207,56.23068754293688
AR_IRN_16,26.998940863676342,56.47313407027923
AR_IRN_17,26.585387330772363,56.914718724997535
AR_IRN_18,26.07092047087791,56.98423936129889
AR_IRN_19,25.481343799791052,57.239939815221405
AR_IRN_20,25.410707693047904,58.01445092279885
AR_IRN_21,25.28672287335972,58.755502751122265
AR_IRN_22,25.185430411765235,59.62448910358561
AR_IRN_23,25.086695631807196,60.5489702586383
AR_IRN_24,24.9237179547449,61.26080997132086
AR_IRN_26,24.966760359502498,57.90778363865056
AR_IRN_27,24.821444721613418,58.72845484255009
AR_IRN_28,24.626673671298388,59.60389868033728
AR_IRN_29,24.36066238381782,60.46178483601514
AR_IRN_30,24.11270752333305,61.16801919307446
AR_IRN_A1,27.24011609138256,52.202329299883054
AR_IRN_A2,27.24011609372311,52.202329297319864
AR_IRN_A3,29.40308054124343,49.52250011519887
AR_IRN_A4,26.922168897697325,53.82917026792198
AR_IRN_A5,25.850449847191356,57.338063238663786
AR_IRN_A6,25.154926457789127,60.606670066738914
AR_IRN_P1,29.40308054124343,49.52250011519887
AR_IRN_P2,25.850449847191356,57.338063238663786
AR_IRN_P3,25.154926457985784,60.60667006651179
AR_IRN_P4,27.24011609138256,52.202329299883054
AR_IRN_P5,27.24011609138256,52.202329299883054
AR_IRN_P6,27.24011609138256,52.202329299883054
AR_IRN_P7,27.24011609138256,52.202329299883054
AR_IRN_P8,29.40308054124343,49.52250011519887
AR_IRN_P9,25.850449847191356,57.338063238663786
AR_IRN_PA,25.850449847191356,57.338063238663786
AR_IRN_PB,27.24011609372311,52.202329297319864
AR_IRN_PC,29.40308054124343,49.52250011519887
AR_IRN_PD,27.24011609138256,52.202329299883054
AR_IRN_PE,25.154926457985784,60.60667006651179
AR_IRN_PF,25.154926457985784,60.60667006651179
AR_LKA_01,6.705066468389351,79.0751865724924
AR_LKA_02,6.705066468389351,79.0751865724924
AR_LKA_03,7.436889007161926,82.88987265877621
AR_LKA_04,7.436889007161926,82.88987265877621
AR_LKA_05,6.705066468389351,79.0751865724924
AR_LKA_06,7.436889007161926,82.88987265877621
AR_LKA_07,7.436889007161926,82.88987265877621
AR_LKA_08,7.436889007161926,82.88987265877621
AR_LKA_09,7.436889007161926,82.88987265877621
AR_LKA_10,6.705066468389351,79.0751865724924
AR_LKA_11,6.705066468389351,79.0751865724924
AR_LKA_12,7.436889007161926,82.88987265877621
AR_LKA_13,7.436889007161926,82.88987265877621
AR_LKA_14,7.436889007161926,82.88987265877621
AR_LKA_15,7.436889007161926,82.88987265877621
AR_LKA_16,7.436888995334659,82.88987266065404
AR_LKA_17,7.436888995334659,82.88987266065404
AR_LKA_18,6.705066468389351,79.0751865724924
AR_LKA_19,7.436888995334659,82.88987266065404
AR_LKA_20,7.436888995334659,82.88987266065404
AR_LKA_21,6.70506646821197,79.07518657242909
AR_LKA_22,6.70506646821197,79.07518657242909
AR_LKA_23,7.436889007161926,82.88987265877621
AR_LKA_24,7.436889007161926,82.88987265877621
AR_LKA_25,7.436889007161926,82.88987265877621
AR_LKA_26,6.705066468389351,79.0751865724924
AR_LKA_27,7.436889007161926,82.88987265877621
AR_LKA_28,6.705066468389351,79.0751865724924
AR_LKA_29,7.436889007161926,82.88987265877621
AR_LKA_30,6.549370719645903,81.63700509150311
AR_LKA_31,7.436889007161926,82.88987265877621
AR_LKA_32,6.705066468389351,79.0751865724924
AR_LKA_33,7.436889007161926,82.88987265877621
AR_LKA_34,7.436889007161926,82.88987265877621
AR_LKA_35,7.436889007161926,82.88987265877621
AR_MDV_01,-0.49997990549397675,73.50018718219094
AR_MDV_02,-0.49997990549397675,73.50018718219094
AR_MDV_03,-0.49997990549397675,73.50018718219094
AR_MDV_04,5.499986963182571,72.49993898060079
AR_MDV_05,2.499955706005162,72.49991911281501
AR_MDV_06,5.499912902251052,73.50011515991454
AR_MDV_07,3.499987863457831,73.49999829774566
AR_MDV_08,-0.49997990549397675,73.50018718219094
AR_MDV_09,0.5000849481171508,73.50010364799364
AR_MDV_10,0.5000849481171508,73.50010364799364
AR_MDV_11,0.5000849481171508,73.50010364799364
AR_MDV_12,0.5000849481171508,73.50010364799364
AR_MDV_13,0.5000849481171508,73.50010364799364
AR_MDV_14,6.4999543986006145,72.49979228890261
AR_MDV_15,4.500031707527075,73.5000014443457
AR_MDV_16,2.500188004268712,73.50012100333356
AR_MDV_17,1.4996633208216676,73.5000557066908
AR_MDV_18,4.500031707527075,73.5000014443457
AR_MDV_19,3.499987863457831,73.49999829774566
AR_MDV_20,3.5000197559071577,72.49986654343081
AR_MDV_21,3.5000197559071577,72.49986654343081
AR_MDV_22,6.499713632035442,73.5007024079955
AR_MDV_23,3.5000197559071577,72.49986654343081
AR_MDV_24,5.499986963182571,72.49993898060079
AR_MDV_25,6.499713632035442,73.5007024079955
AR_MDV_26,5.499912902251052,73.50011515991454
AR_MDV_27,3.5000197559071577,72.49986654343081
AR_MYS_01,3.7417375909186683,100.64611351896745
AR_MYS_02,3.7417375909186683,100.64611351896745
AR_MYS_03,3.7417375909186683,100.64611351896745
AR_MYS_04,5.638364162177086,100.17286285664098
AR_MYS_05,3.7417375909186683,100.64611351896745
AR_OMN_01,20.353734170299774,58.56457400237739
AR_OMN_02,20.353734170299774,58.56457400237739
AR_OMN_03,20.353734170299774,58.56457400237739
AR_OMN_04,20.353734170299774,58.56457400237739
AR_OMN_05,25.045268859997353,57.11060983963134
AR_OMN_06,25.045268859997353,57.11060983963134
AR_OMN_07,25.045268859997353,57.11060983963134
AR_OMN_08,22.788763756543034,58.800768816835465
AR_OMN_09,25.045268859997353,57.11060983963134
AR_OMN_10,25.045268859997353,57.11060983963134
AR_OMN_11,25.045268859997353,57.11060983963134
AR_OMN_12,25.045268859997353,57.11060983963134
AR_OMN_13,25.045268859997353,57.11060983963134
AR_OMN_14,17.48755223557219,56.510450746063114
AR_OMN_15,16.039953206746713,54.23819843591608
AR_OMN_16,17.48755223557219,56.510450746063114
AR_OMN_17,16.039953235834023,54.23819845511683
AR_OMN_18,17.48755223557219,56.510450746063114
AR_OMN_19,17.48755223557219,56.510450746063114
AR_OMN_20,17.48755223557219,56.510450746063114
AR_OMN_21,17.48755223557219,56.510450746063114
AR_OMN_22,24.32488949220464,58.468765848885376
AR_OMN_23,24.32488949220464,58.468765848885376
AR_OMN_24,24.32488949220464,58.468765848885376
AR_OMN_25,24.32488949220464,58.468765848885376
AR_OMN_26,26.28666106072036,57.07051201173618
AR_OMN_27,26.28666106072036,57.07051201173618
AR_OMN_28,26.28666106072036,57.07051201173618
AR_OMN_29,26.28666106072036,57.07051201173618
AR_OMN_30,24.32488949220464,58.468765848885376
AR_OMN_32,22.788763756543034,58.800768816835465
AR_OMN_33,21.4034944911325,59.61840172696063
AR_OMN_34,21.4034944911325,59.61840172696063
AR_OMN_35,21.4034944911325,59.61840172696063
AR_SAU_01,27.497501193375516,49.768793717205114
AR_SAU_02,21.52921837305595,38.744545151491316
AR_THA_01,7.979469502729818,97.49962216036644
AR_THA_02,7.979469502729818,97.49962216036644
AR_YEM_01,15.590624427311118,52.66272856403513
AR_YEM_02,13.16115264619425,47.64863229554108
5235020,-35.50000000008475,20.500000000000004
AR_IDN_03,-2.5023696121556207,97.50000024664976
AR_IDN_FMA_571,1.3205459342234078,100.15928379265537
AR_IDN_FMA_573,-10.3722428715195,114.53870728617511
AR_IDN_FMA_713,-3.813335871084588,118.55246650129557
